salary,4,0
student,8,0
callon,1,0
temales,1,0
high,4,3
forå£,0,1
trip,19,4
thatåõscool,1,0
swimming,3,0
delhi,2,0
map,4,0
rtking,0,1
persian,1,0
kkfrom,1,0
kkwhen,2,0
bestrply,1,0
dislike,3,0
sk,0,3
astrology,1,0
buck,7,0
cd,1,13
dateboxessexcmxn,0,2
done,45,4
maximum,0,1
callcost,0,2
wahleykkumsharing,1,0
lttimegt,7,0
requirement,1,0
jjc,1,0
wasting,1,0
melnite,1,0
bos,9,0
timi,1,0
raja,1,0
major,3,0
steyn,1,0
lord,0,1
relieved,1,0
mmmmmmm,1,0
confuses,2,0
nxt,6,0
juliana,1,0
lacsthere,3,0
sorting,3,0
meive,1,0
unconditionally,1,0
ownyouve,1,0
pure,1,0
ugos,1,0
loving,15,0
ceri,1,0
dancin,1,0
noe,20,0
paper,13,0
sold,1,0
randomlly,1,0
adding,1,0
ticket,13,3
lm,1,0
liaotoo,1,0
grr,1,0
yt,0,1
december,0,5
itriedtell,1,0
computerless,1,0
wwwbutele,0,1
eå£nd,0,1
april,5,0
mirror,1,0
connected,0,1
lazy,9,0
cardiff,3,0
didt,5,0
idea,11,0
charged,0,11
surfing,5,0
easily,2,0
train,11,0
freemsg,0,12
unconvinced,1,0
mack,1,0
fridayhope,1,0
goodenvironment,2,0
decided,16,0
leo,1,0
downloaded,1,1
availa,0,1
babyjontet,1,0
cock,2,1
feel,73,0
national,0,12
halloween,0,3
neglet,1,0
prestige,1,0
goto,2,6
allday,1,0
perspective,1,0
å£award,0,1
thats,94,0
meaningful,1,0
honeymoon,1,0
coz,19,0
gloucesterroad,1,0
predictive,1,0
terry,1,0
attended,1,0
hostile,1,0
finewhen,2,0
cricketer,2,0
doggy,3,0
oath,1,0
theory,4,0
chikkudb,1,0
spy,1,0
hanuman,1,0
moralone,3,0
greatest,2,0
yen,1,0
isaiahd,1,0
hidid,1,0
freeringtone,0,1
model,6,0
sympathetic,1,0
brat,1,0
dayshe,2,0
btwn,1,0
yar,13,0
trash,1,0
reaching,9,0
watchin,1,0
icic,1,0
bec,2,0
greatbhaji,2,0
pull,3,0
je,1,0
spoiled,2,0
hunlove,1,0
ending,1,8
dull,1,0
hate,6,0
ard,21,0
texted,4,0
comingdown,1,0
freezing,3,0
fixd,1,0
asks,5,0
punishment,1,0
tonght,1,0
shock,1,0
slowing,1,0
anythings,1,0
whassup,1,0
seing,1,0
networking,2,0
absolutely,1,0
nig,1,0
pleasure,7,0
installation,1,0
mondaynxt,1,0
soladha,1,0
soup,3,0
bloody,4,0
txtin,0,4
iz,4,0
iûªm,1,0
k,71,12
inever,1,0
senthilhsbc,1,0
avo,1,0
please,76,54
oil,2,0
reassuring,1,0
wwwsmsacunataliek,0,1
wwwsmsacuhmmross,0,1
musical,1,0
cornwall,1,2
n,135,9
spotty,1,0
crab,3,0
aft,19,0
indian,8,0
runninglets,1,0
thoughtsi,1,0
incredible,0,2
leaf,10,0
torch,7,0
cough,1,0
cherish,2,0
bought,4,1
lecture,4,0
next,46,16
unusual,1,0
prescribed,1,0
everythin,1,0
philosophy,3,0
inch,6,0
deck,0,1
virgil,1,0
bffs,1,0
global,0,1
stil,1,0
uh,2,0
flood,1,0
upnot,1,0
thus,1,0
lovly,1,0
exe,3,0
interflora,0,2
plm,2,0
ringing,1,0
novelty,1,0
canû÷t,1,0
healthy,1,0
whereare,1,0
imp,2,0
okthenwhats,3,0
reader,0,2
format,1,1
ampm,0,12
fraud,2,0
faithevening,1,0
vpist,1,0
alone,14,3
bt,18,5
falconerf,1,0
û,14,0
cha,2,2
successful,3,0
following,2,5
theredo,0,1
massive,2,0
closed,2,0
write,10,0
living,4,1
christmasmerry,1,0
vomiting,2,0
assumed,1,0
net,7,0
blimey,1,0
dwn,1,0
hdd,1,0
ubandu,1,0
kiss,35,0
kkany,1,0
studio,1,0
dialogue,1,0
hunny,2,0
entitled,0,8
often,4,0
looovvve,1,0
installing,2,0
ploughing,1,0
kkare,1,0
f,3,10
department,2,0
block,1,1
india,10,1
unsubscribe,0,18
billed,0,3
energy,7,3
vale,2,0
ertini,1,0
gokila,1,0
fo,2,0
office,24,1
iraq,1,0
bruce,2,0
broth,1,0
gender,0,2
shag,0,1
data,1,0
new,67,69
awkward,1,0
aftr,6,0
smiley,1,0
handle,4,0
caroline,2,0
dormitory,1,0
person,47,1
gave,10,0
library,8,0
guessin,1,0
mat,0,1
casing,1,0
piss,2,0
csh,0,2
waitshould,1,0
infernal,4,0
stubborn,1,0
fat,8,0
sth,1,0
table,3,0
tuesday,8,0
extract,1,0
sarasota,2,0
purity,4,0
standing,3,0
mjzgroup,0,1
breezy,1,0
meare,1,0
gently,4,0
jumper,1,0
process,3,0
phone,82,58
prepared,2,0
cried,1,0
loan,6,5
offc,1,0
pl,1,0
ringtoneking,0,1
cherthalain,1,0
aboutas,1,0
claim,0,115
trial,0,1
vargu,1,0
place,59,5
wwworangecoukow,0,1
motor,1,0
nigro,1,0
themob,0,3
gsoh,0,1
brdget,1,0
monthly,2,1
removed,1,1
irulinae,1,0
poboxtcrw,0,1
parade,1,0
heaven,1,0
hint,3,0
voucherstext,0,1
transaction,5,0
wuldnt,1,0
samachara,1,0
jamstercouk,0,1
classmate,1,0
sign,6,2
sapna,1,0
flyng,0,1
asleep,5,0
drove,1,0
dearly,3,0
libertine,0,1
lookatme,0,2
sweatter,1,0
swatch,2,0
leannewhat,1,0
afraid,3,1
didnåõt,2,0
gep,1,0
killed,2,0
weirdo,1,0
puzzeles,1,0
inforingtonekingcouk,0,1
uslet,1,0
stuffing,1,0
board,1,0
freemsgfeelin,0,1
suntec,3,0
syria,1,0
eachother,1,0
til,25,0
wadebridgei,1,0
awww,1,0
cuddling,2,0
thinghow,1,0
minscall,0,1
grahmbell,3,0
arul,1,0
tag,1,0
safe,11,0
se,3,0
appreciated,2,0
wiv,6,2
compofstuff,1,0
tonitebusy,1,0
quiet,2,0
skilgmetscswinawkageå£perwksub,0,1
mentor,1,0
black,5,1
everybodys,2,0
ûïharry,0,1
hero,0,1
ileave,1,0
personmeet,1,0
nose,1,0
dark,2,1
dajst,1,0
blackim,1,0
quiteamuzing,1,0
boxskwpppm,0,1
checkmate,1,0
algorithm,1,0
order,7,14
canteen,1,0
dehydration,1,0
tho,17,0
thia,1,0
bootydelious,0,1
activ,0,1
ph,1,1
pilate,6,0
dearme,1,0
grasp,1,0
naal,1,0
tonexs,0,1
todaybut,1,0
terror,1,0
subletting,1,0
allow,1,1
dodda,1,0
narcotic,1,0
many,56,3
neva,18,0
company,15,3
postal,1,0
heater,2,0
indyarocks,2,0
sea,15,0
recharge,1,0
butting,1,0
leaving,19,0
toss,1,0
tot,21,0
holder,0,6
bother,7,0
dartboard,0,1
slip,2,0
thirunelvali,1,0
celebration,3,0
calloptoutqf,0,1
postcode,0,3
genius,2,0
nowadays,1,0
nigh,1,0
sure,71,0
diaper,1,0
mmmmmm,2,0
motivating,1,0
warned,1,0
str,3,2
brighten,1,0
teaching,1,0
meok,1,0
leonas,1,0
bam,1,0
ended,6,0
mountain,2,0
amount,5,0
picked,4,4
lehhaha,1,0
meeting,43,0
nightsexcellent,1,0
fuckinniceselfish,1,0
dayswill,1,0
brother,19,1
silently,2,0
experience,7,1
returned,3,0
prospect,3,0
multiply,1,0
message,60,43
huiming,1,0
ge,7,0
wwwsantacalling,0,1
planeti,1,0
darlin,14,0
uothrwise,1,0
recognise,2,0
wwwringtonekingcouk,0,1
bribe,1,0
applying,1,0
gong,1,0
rough,1,0
understood,3,0
math,3,0
edhae,1,0
sonot,1,0
changing,1,0
ordered,1,3
buyer,2,0
hitler,1,0
dorothykiefer,0,1
daysì¬n,1,0
bcmsfwcnxx,0,1
pierre,1,0
buff,3,0
even,55,6
webpage,1,0
kanowhr,1,0
mandan,2,0
culture,1,0
nhite,1,0
throwin,1,0
åòits,0,1
undrstnd,1,0
kalisidare,1,0
ago,12,0
arrested,5,0
horny,0,7
palm,1,0
detailed,1,0
opinion,9,1
fgkslpo,0,1
å£perweeksub,0,1
picture,7,1
saying,20,0
knock,0,2
sleep,57,0
united,0,1
system,7,0
shuhui,7,0
westonzoyland,1,0
teacoffee,1,0
lyricalladief,0,1
princegn,1,0
paying,7,1
ja,3,0
wise,3,0
calloptoutlf,0,2
accomodations,1,0
helpful,1,0
work,102,3
petey,1,0
seven,3,0
opposite,1,0
bringing,3,1
invest,2,0
ibm,1,0
gent,0,2
boob,1,0
orangei,1,0
stomp,3,0
ctargg,1,0
oral,1,0
gotany,1,0
triple,0,1
lesson,26,0
luvnight,1,0
allah,3,0
woohoo,1,0
teenager,0,1
approaching,1,0
gua,1,0
response,2,1
memory,2,0
nusstu,1,0
weû÷re,3,0
vava,3,0
happening,7,0
run,26,0
expensive,6,0
lyk,1,0
thanx,32,0
intrude,1,0
divorce,1,1
haiyoh,1,0
noncomittal,1,0
correct,8,4
bob,0,1
chosen,0,3
flowing,2,0
ji,1,0
athome,1,0
swt,2,0
believe,18,2
role,7,0
nail,1,0
sory,3,0
calloptoutfq,0,1
lei,23,0
ta,16,1
weakness,2,0
monday,10,0
suffer,1,0
mathematics,2,0
sonetimes,1,0
kl,0,2
yummmm,1,0
biro,1,0
bb,9,0
deyi,1,0
loyal,0,2
pday,0,2
fuckin,3,0
paining,1,0
old,18,2
satsgettin,1,0
whole,14,0
mac,3,0
cereal,1,0
jabo,1,0
en,2,0
george,0,2
spoil,1,0
fourth,1,0
ecstasy,1,0
tgxxrz,0,1
swap,0,1
increment,0,2
jane,2,1
optin,0,1
uterus,1,0
oga,1,0
dearer,3,0
jackpot,0,2
touch,16,1
shjas,2,0
clue,1,0
con,1,0
resolved,1,0
parent,17,0
nolistenedthe,1,0
shitin,1,0
adrian,0,1
chikkuali,1,0
graphic,0,1
achanammarakheshqatar,1,0
spk,3,0
sheet,4,0
toaday,1,0
doinghow,2,0
hermy,1,0
combine,2,0
sparkling,0,1
handed,3,0
nick,0,1
mathe,1,0
mush,1,0
sptv,0,2
alritehave,1,0
someplace,1,0
deari,2,0
lovin,1,0
usually,6,0
stick,2,0
smack,1,0
spiritual,1,0
law,5,0
nutter,1,0
girl,40,10
recpt,0,1
dsnt,3,0
step,5,0
grow,1,0
chgs,0,1
reunion,1,0
bian,1,0
strongly,1,0
shangela,1,0
hardcore,1,2
asus,1,0
tootsie,1,0
uu,0,3
chargedpmsg,0,1
attributed,1,0
ideal,2,0
openin,1,0
ash,1,0
exactly,6,0
cozsomtimes,1,0
travelled,1,0
bthmm,1,0
elsewhere,3,0
reminder,1,2
ovulation,2,0
forum,4,0
machine,1,0
airport,4,1
route,1,0
chechi,3,0
fusion,1,0
fixedline,0,2
ciao,1,0
mph,1,0
dignity,3,0
prix,1,0
tihs,4,0
derp,1,0
upstairs,2,0
sed,5,1
intelligent,4,0
sch,22,0
crack,3,0
noun,2,0
bye,4,0
sophas,1,0
uworld,1,0
beerrs,1,0
driver,2,0
goodo,2,0
wwwtelediscountcouk,0,1
bigger,3,0
shot,2,1
alter,1,0
nr,0,1
disease,1,0
abel,1,0
overdid,1,0
diamond,3,0
african,1,0
thrown,1,0
blessing,5,0
thnovbehind,1,0
hoped,2,0
appy,1,0
miserable,2,0
congrats,8,10
posh,0,1
allows,1,0
promoting,1,0
item,1,1
oh,111,1
seriously,9,0
opener,1,0
vary,0,6
aunt,4,0
information,4,8
fox,1,0
sittin,1,0
dnt,13,0
obviously,5,0
hanger,1,0
bbdpooja,1,0
ned,2,0
theater,1,0
fly,3,0
yupz,1,0
taylor,3,0
blessed,2,0
moon,5,3
submitted,1,0
eveb,2,0
adewale,1,0
wasted,2,0
supervisor,3,0
eastenders,0,2
unsub,0,7
salt,1,0
cuppa,1,0
girld,2,0
saving,1,0
www,0,2
stripe,1,0
pimpleseven,1,0
kgive,1,0
iriver,1,0
cry,6,0
seeking,1,0
spacebucks,1,0
event,3,0
bitching,1,0
door,10,1
contacted,0,5
båõday,2,0
hon,2,0
wirenet,0,1
upgrade,0,3
tcsbcmwcnxx,0,2
blackand,1,0
gimmi,1,0
prop,1,0
sec,5,2
mtnl,1,0
donû÷t,6,0
bak,8,0
filth,0,1
gastroenteritis,2,0
polyphonic,0,5
taj,1,0
aathiwhere,3,0
opening,3,0
ate,6,0
aig,1,0
registered,4,4
jan,3,0
rajnikant,1,0
dizzee,0,1
spin,1,0
balance,4,2
liao,35,0
fulfil,1,0
vtired,1,0
camp,1,0
aquarius,1,0
affidavit,1,0
upgrading,0,1
giving,7,1
pie,4,0
sugababes,0,1
add,9,0
everytime,1,0
wildest,0,1
car,44,0
dead,8,0
msgticketkioskvalid,0,1
frnd,10,6
avoids,1,0
hitteranyway,1,0
itjust,1,0
pound,4,24
beta,1,0
addicted,4,0
cheyyamoand,1,0
codexx,0,1
sway,1,0
reveal,0,4
skillgame,0,2
evaporated,1,0
teethif,1,0
lion,2,3
missunderstding,1,0
course,14,0
friendsare,1,0
brilliantly,1,0
brisk,1,0
goa,1,0
beside,1,0
dracula,0,2
roommate,8,0
regretted,1,0
flight,2,7
strewn,1,0
cruel,1,0
meow,1,0
hsbc,1,0
julianaland,1,0
broken,2,0
spending,4,0
explain,4,0
login,2,5
sterm,1,0
savamob,0,13
retrieve,0,2
mumbai,1,0
choosing,1,0
signal,1,0
outlr,1,0
entry,0,26
wwwsmsacugoldviking,0,1
sunshine,1,8
getha,1,0
calculated,1,0
archive,1,0
favor,3,0
funny,8,0
å£million,0,1
head,20,0
geeeee,2,0
oroptouthvd,0,1
nowt,0,2
alexs,1,0
wid,16,5
hum,1,0
forgt,1,0
herepls,1,0
youi,1,0
towndontmatter,1,0
equally,1,0
boost,5,0
srsly,1,0
hmmmm,1,0
corrupt,1,0
ui,1,0
scared,5,0
sae,0,21
payee,2,0
stuffleaving,1,0
service,5,72
meim,1,0
intro,5,0
lil,2,0
unhappy,1,0
processits,1,0
settled,4,0
paypal,1,0
ptbo,3,0
claire,1,2
small,11,0
wheel,1,0
africa,1,0
along,3,1
match,5,14
longer,8,0
fight,6,0
curious,2,0
wee,2,0
chase,2,0
puppy,1,0
goal,1,3
younger,1,0
noisy,1,0
ducking,1,0
badly,1,0
smeone,2,0
disappeared,1,0
dumb,2,0
stated,1,0
rcd,0,1
tone,0,73
marvel,0,1
hii,1,0
lul,1,0
nething,1,0
memorable,1,0
rinu,1,0
store,4,8
java,0,5
roomate,1,0
reward,0,10
awesome,19,0
oyea,1,0
wicket,1,0
month,38,10
scarcasim,1,0
brah,2,0
potter,0,2
tradition,1,0
sell,12,0
tcsbcmwcnxxcallcostppmmobilesvary,0,1
iti,1,0
lineyou,1,0
lovingly,2,0
an,6,6
torrent,1,0
bring,26,0
infotxtcouk,0,1
takecare,1,0
unemployed,2,0
frontierville,1,0
over,0,2
mouth,2,0
edukkukayee,1,0
felt,13,0
bailiff,0,1
åð,3,0
å£p,0,1
collegexx,1,0
geelater,1,0
heltiniiyo,1,0
trend,1,0
squatting,1,0
dawhere,1,0
fever,4,0
wanting,3,1
crore,2,0
bugis,7,0
castor,2,0
throat,4,0
solved,2,0
geeee,5,0
timeslil,1,0
aaooooright,1,0
tel,12,1
plsi,1,0
laugh,10,1
spelling,1,0
frog,0,1
onwards,3,0
neither,2,0
lsbb,0,1
onum,1,0
stomach,3,0
ready,35,6
moraldont,1,0
knee,2,0
poker,2,0
stoptxt,0,4
emergency,1,0
nowsend,0,1
foward,1,0
shijas,3,0
messageit,1,0
tunde,1,0
unlike,1,0
fee,3,0
eightish,1,0
newshype,1,0
lasagna,1,0
transferacc,1,0
bedroomlove,1,0
reppurcussions,1,0
sc,1,0
macleran,1,0
phoenix,0,2
sdrybi,1,0
replacing,1,0
s,0,2
hopeafternoon,1,0
pw,0,1
mall,3,0
home,160,2
biola,1,0
consider,2,0
eire,0,2
chikkusimple,1,0
polo,0,2
discreet,0,2
end,34,19
whilltake,1,0
reslove,1,0
dreamsmuah,2,0
monoc,0,1
box,5,45
videosounds,0,1
content,4,14
assessment,1,0
lor,160,0
scenery,1,0
lay,3,0
recd,0,3
xxxxxxxx,1,0
dot,1,2
el,1,0
vatian,0,1
wt,3,1
discus,5,0
divert,1,0
yelling,2,0
fffff,1,0
pataistha,1,0
culdnt,1,0
greece,1,0
inmind,1,0
coherently,1,0
hip,4,0
spare,3,0
watt,1,0
clover,1,0
holla,7,0
remb,1,0
hiya,9,0
grandma,2,0
pleased,3,3
tour,3,3
olympics,0,1
surrounded,1,0
infovipclubu,0,1
paperwork,2,0
prabhaim,3,0
vitamin,1,0
kilo,1,0
thou,1,0
mia,1,0
prior,1,0
finishing,3,0
include,1,2
passwordsatmsms,2,0
newest,0,3
opt,0,13
hmmmbut,1,0
change,25,0
webmobile,0,1
postcard,2,0
captaining,1,0
discussed,2,0
loti,1,0
pop,3,0
cashto,0,2
beg,1,1
trying,28,15
tues,2,0
outgoing,0,1
housing,1,0
joking,6,0
aww,2,0
clarification,1,0
oktake,2,0
olol,1,0
kanoil,1,0
acted,2,0
aberdeen,0,1
mummy,4,0
includes,1,0
ringtonefrom,0,1
claimcode,0,1
buffet,2,0
booking,2,1
tb,3,1
frndshp,1,0
aaniye,1,0
lip,3,0
doggin,0,1
clever,2,0
anjolas,1,0
gal,14,0
gossip,2,1
soooo,1,0
thousadi,1,0
rp,0,1
dr,2,0
beforehand,1,0
proverb,2,0
prcvd,0,1
hava,0,1
thuglyfe,1,0
geoenvironmental,1,0
prasanth,1,0
youdoing,1,0
safely,1,0
iû÷ve,1,0
mre,0,1
lotwill,2,0
dependent,1,0
qi,1,0
aldrine,1,0
yagoing,1,0
fr,13,0
toxic,0,1
spec,1,0
issue,6,2
flaked,3,0
confirmdeny,1,0
baig,1,0
logosmusicnews,0,1
share,7,0
boyfriend,2,0
nowuse,0,1
childish,6,0
lindsay,1,0
plate,1,0
ag,0,2
febapril,1,0
uif,1,0
swiss,2,0
yep,10,0
nic,2,0
robs,1,0
theoretically,1,0
vid,0,1
ruin,2,0
inour,1,0
anti,3,0
tddnewsletteremccouk,0,1
reassurance,1,0
interview,5,0
wudnt,1,0
thnq,0,1
gud,53,0
hmph,1,0
befor,4,0
smash,1,0
wendy,1,0
pharmacy,1,0
chikkuk,1,0
naughty,7,0
strong,4,1
contention,1,0
wallpaper,0,2
sunoco,1,0
wideliveindex,0,2
taka,1,0
nan,3,0
stopped,5,0
funk,0,2
bilo,1,0
pehle,1,0
cudnt,1,0
favourite,3,0
iwana,1,0
denying,1,0
bergkamp,0,1
outstanding,3,0
sound,25,2
dick,2,1
hw,7,0
lvblefrnd,3,0
velusamy,1,0
forward,7,0
jealous,3,0
erotic,0,1
unfortuntly,1,0
shorter,3,0
grl,4,0
community,1,2
brilliant,4,0
callså£minmoremobsemspoboxpowa,0,2
dawhats,2,0
neville,1,0
upping,1,0
startedindia,1,0
depends,7,0
needing,1,0
getzedcouk,0,1
blame,3,0
rentl,0,5
towards,7,0
eternal,1,0
sponsor,1,0
excited,1,0
prescription,2,0
realized,3,0
damn,6,0
mi,3,0
rimac,1,0
stolen,0,1
zebra,0,1
wwwldewwinppmxage,0,4
insect,1,0
hu,1,0
kegger,2,0
submitting,1,0
mine,17,0
freely,1,0
emily,1,0
dha,1,0
story,20,1
soc,1,0
thursday,5,0
chastity,1,0
kodthini,1,0
importantly,1,0
valuemorning,1,0
happier,1,0
pmsg,0,16
takenonly,1,0
agalla,2,0
blessget,1,0
shiny,1,0
shortcode,0,1
pongaldo,2,0
prod,0,1
dinnermsg,1,0
served,1,0
hanging,4,0
cheer,11,0
check,34,4
sf,0,1
hunnywot,1,0
jordantxt,0,2
toppoly,0,1
winppmxage,0,1
business,3,0
kerala,5,0
ability,2,0
knw,17,0
fwiw,1,0
saw,23,0
kochi,1,0
noice,1,0
toyota,1,0
bleh,2,0
skallis,1,0
bakrid,1,0
minimum,2,0
packalso,1,0
analysis,1,0
oso,23,0
verify,0,3
demand,2,0
group,6,0
eta,2,0
willing,5,1
pwk,0,3
justify,1,0
subject,0,1
ayn,2,0
skirt,1,0
ego,1,0
btnational,0,2
phrase,1,0
operator,0,15
begging,2,0
final,2,16
pouch,2,0
oni,4,0
scrappy,1,0
get,318,83
deepak,2,0
arnt,1,0
emotion,1,0
frndsship,1,0
cheesy,1,0
housework,1,0
happend,4,0
okies,1,0
champneys,0,1
participate,1,0
lol,73,0
butt,3,0
party,15,1
goodnite,3,0
xt,0,1
station,6,1
acknowledgement,1,0
radio,3,1
kwish,1,0
fallen,1,0
tcsstop,0,3
contented,1,0
bookedthe,1,0
linear,1,0
melody,1,0
flung,1,0
happiest,1,0
french,1,0
gga,0,2
finding,1,0
rush,4,0
money,53,4
baby,30,2
legal,4,0
bullshit,1,0
daytime,0,1
wif,27,0
cannt,3,0
involved,1,0
offering,0,1
blanket,2,0
argument,6,0
value,3,0
misundrstud,1,0
splashmobile,0,1
mobile,15,136
smsservices,0,1
channel,1,2
slob,1,0
tarot,0,1
tax,1,0
valuable,4,0
armand,5,0
heåõs,1,0
handsome,1,0
telphone,3,0
gentleman,3,0
xxxmobilemovieclub,0,1
purchase,2,3
rite,19,0
stash,1,0
portege,1,0
forth,1,0
lacsthats,3,0
treasure,1,0
sum,5,0
medicine,3,0
shattered,1,0
valid,0,23
organizer,1,0
luckily,1,0
bagi,2,0
tell,124,18
venaam,1,0
tendency,1,0
shrink,1,0
kicchu,1,0
prevent,1,0
lunsford,1,0
cabin,5,0
aries,0,1
shouldnû÷t,1,0
weeddeficient,1,0
charming,1,0
stealing,1,0
kuch,1,0
goin,21,0
cancer,6,0
mmmmm,2,0
peril,1,0
premaricakindly,1,0
upto,2,2
ymca,0,1
exhausted,3,0
song,13,3
multis,1,0
lionm,0,2
invite,3,0
fond,1,0
pete,8,1
source,4,0
eaten,3,0
music,3,20
toplay,1,0
copied,1,0
belligerent,1,0
questionstd,0,2
morow,2,1
actor,2,0
church,4,0
hungry,12,2
ebay,2,0
fineabsolutly,2,0
wearing,4,0
thx,2,0
sounding,1,0
prometazine,1,0
rcbbattle,1,0
messed,1,0
minus,1,0
becomes,2,0
politician,2,0
wicklow,0,2
listed,1,0
shouldnt,5,0
buzy,3,0
linux,1,0
sent,58,10
planning,8,0
goggles,1,0
lastest,0,1
exchanged,1,0
jones,1,0
sfrom,1,0
wining,0,1
salon,2,0
devil,0,1
jod,1,0
house,35,1
zoom,1,0
cocacola,0,1
lmaonice,1,0
plan,43,0
familymay,1,0
lamp,1,0
cedar,1,0
page,10,1
okday,1,0
onwords,1,0
wana,11,0
unrecognized,1,0
lifetime,1,2
dating,0,16
aiyo,6,0
orh,1,0
babesozi,1,0
lux,0,2
himthen,1,0
today,133,36
mayb,13,0
saristar,0,1
weird,4,0
ur,240,144
doublemins,0,1
specify,1,0
burn,2,1
allalo,1,0
completely,8,1
tau,1,0
trouble,8,0
province,1,0
m,1,3
area,5,8
amt,5,0
uk,1,28
mising,1,0
wotu,1,0
shijutta,1,0
printing,1,0
treated,2,0
sutra,1,0
wad,1,0
å£ea,0,1
somebody,9,2
card,14,4
ambitious,1,0
theseyours,1,0
alive,2,0
spose,1,0
size,2,0
individual,1,0
bridge,1,0
sexual,0,1
walking,7,0
nuclear,1,0
excused,1,0
tryin,1,0
hlday,1,0
kkgoodstudy,1,0
soonlots,1,0
improve,2,0
dino,1,0
scrumptious,1,0
casualty,1,0
comin,11,0
wan,81,14
wicked,1,0
univ,1,0
mostly,2,0
tisscotayseer,1,0
given,2,0
cuck,1,0
reserved,1,0
bead,1,0
street,6,2
keluviri,1,0
blood,3,0
cool,40,1
garment,1,0
goodevening,1,0
worth,4,13
costing,0,2
un,1,0
onam,1,0
announcement,0,6
ucall,1,0
crisisspk,1,0
ortxt,1,0
bros,3,0
description,1,0
callsppm,0,1
incident,3,0
dun,55,0
bear,2,2
haha,48,0
currently,3,10
everybody,3,0
watrdayno,1,0
freemsgfav,0,1
college,15,0
problemfree,1,0
coast,2,0
instant,0,1
minstexts,0,1
accommodationvouchers,0,1
hugh,1,0
battery,7,0
hp,1,1
randy,0,2
deposit,1,0
penis,2,0
shopthe,1,0
al,7,0
breadstick,1,0
guy,56,6
reference,5,4
fletcher,1,0
possession,3,0
tmr,28,0
pimple,1,0
dept,0,1
claypot,1,0
around,59,2
heading,2,0
wlcome,1,0
fyi,6,0
followin,1,0
crisis,1,0
stillmaybe,1,0
omg,8,0
debating,1,0
evrydy,2,0
professional,0,1
tming,2,0
pulling,1,0
closedincluding,4,0
solihull,1,0
costume,2,0
forgotten,2,0
guidance,1,0
tayseertissco,1,0
satì,1,0
co,78,5
odi,2,0
stereo,1,0
neededsalary,1,0
guoyang,1,0
somewhere,10,0
ringtoneåá,0,1
happy,105,1
term,4,10
foreign,3,0
vday,2,0
erything,1,0
å£call,0,1
cricket,1,0
didnt,79,0
ship,2,0
maili,1,0
dawn,1,0
ansr,0,4
connect,2,2
surely,6,0
waliking,1,0
yet,48,2
sptyrone,0,4
recorder,0,1
chikkuil,1,0
owed,1,0
strange,2,0
wq,0,1
std,0,9
gene,1,0
risk,2,0
wwwmusictrivianet,0,1
url,1,0
site,5,0
rich,3,0
typelyk,1,0
careswt,2,0
hot,7,15
timeyour,1,0
retard,1,0
heehee,1,0
bevieswaz,1,0
shanghai,1,0
certainly,3,0
fil,0,2
satisfied,3,0
indianpls,1,0
spend,10,0
okden,1,0
å£week,0,1
ran,5,0
empty,10,0
uncle,16,0
sez,1,0
wrongly,1,0
swayze,1,0
dao,1,0
curfew,1,0
pix,4,3
boy,34,2
school,29,0
shouting,1,0
dance,2,0
sofa,8,0
adjustable,1,0
go,275,33
muhommad,1,0
deluxe,0,1
avin,1,0
slap,3,0
motorola,2,11
ogunrinde,1,0
logon,0,1
texas,1,0
silence,2,0
lane,2,0
pocked,1,0
litre,1,0
thasa,1,0
barolla,1,0
bedroom,6,1
tosend,1,0
hmm,11,0
oz,4,2
discount,2,9
chinese,5,0
odalebeku,1,0
del,1,9
hearing,1,0
realize,2,1
resub,0,1
cheaper,3,2
sitting,9,0
dined,1,0
spirit,1,0
behind,6,0
lifeyou,1,0
percent,1,0
transport,2,0
frankgood,1,0
product,1,0
upseti,1,0
mro,1,0
werebored,1,0
rajitha,1,0
gayle,1,0
greatbye,1,0
consensus,1,0
ltdecimalgt,23,0
masteriastering,1,0
typical,1,0
skip,2,1
vinobanagar,1,0
uz,0,3
weaseling,1,0
yetunde,3,0
chikkuwat,1,0
wah,4,0
reffering,1,0
wrg,0,1
endless,1,0
minded,0,1
lnly,0,1
inc,0,8
tyler,6,0
bookshelf,1,0
calm,2,0
hee,13,0
large,0,1
textin,1,0
notixiquating,1,0
stagwood,1,0
amused,2,0
motive,1,0
jus,35,0
avent,3,0
ham,3,0
splash,1,0
janinexx,0,1
hooch,1,0
sleepsweet,2,0
soz,1,0
givits,1,0
foot,6,0
pride,1,0
ovulatewhen,1,0
cttergg,1,0
wined,1,0
may,39,7
destination,1,0
invention,1,0
unique,1,2
miller,1,0
luton,1,0
ooh,1,0
merememberin,1,0
limiting,2,0
mobsi,0,1
preferably,4,0
dry,4,0
escalator,1,0
ettans,1,0
engaged,1,0
problms,1,0
karnan,1,0
jontin,1,0
veggie,1,0
countin,2,0
messaged,2,0
blueu,1,0
nearby,1,0
weightloss,1,0
total,3,1
putting,6,0
smoking,3,0
dob,0,1
floating,1,0
spjanuary,0,1
secret,6,10
receipt,3,3
mesages,2,0
recorded,1,0
muchxxlove,1,0
erm,3,0
poboxwtgp,0,2
captain,3,0
fink,0,1
jog,1,0
bless,2,0
faith,1,0
treatin,1,0
mwahs,1,0
colourredtextcolourtxtstar,0,1
ngage,0,1
tobed,1,0
oxygen,1,0
ignore,4,1
sankranti,1,0
um,1,0
nature,6,0
pmsgrcvd,0,1
smoothly,1,0
steed,1,0
grooved,1,0
barcelona,1,0
calculation,2,0
skyving,1,0
ibn,2,0
urmomi,1,0
imma,7,0
vasai,1,0
wn,3,0
west,2,0
desperate,2,0
checkup,1,0
groovy,1,0
grprizes,0,1
bank,15,2
waysms,1,0
woo,1,0
bsn,1,0
training,8,0
tight,2,0
stream,0,1
eleven,1,0
bright,4,0
owo,1,0
aka,2,0
shove,1,0
usno,1,0
entirely,1,0
drum,1,0
kanji,1,0
calling,14,6
screamed,2,0
web,0,2
xx,7,5
suggest,3,0
publish,1,0
chikkub,1,0
frankie,1,0
bollox,1,0
rcvd,0,7
chat,14,43
loneliness,1,0
asusual,1,0
payback,1,0
earthsofa,1,0
propsd,2,0
nuther,2,0
simulate,1,0
goodnight,8,0
nyt,8,2
concentrating,1,0
specialcall,0,8
storelike,1,0
practising,1,0
skilgme,0,3
grab,1,0
magical,3,0
constant,2,0
thread,2,0
supposed,12,0
malarky,1,0
heron,1,0
jade,1,0
confused,2,0
shopping,23,8
jack,1,0
brb,1,0
thewend,1,0
tensed,1,0
therere,2,0
freak,4,0
rule,4,0
thinkin,9,0
numberrespectful,1,0
promptly,1,0
inning,3,0
wwwtkls,0,1
okie,19,0
june,3,1
birla,3,0
cutter,1,0
galno,1,0
benny,1,0
satanic,1,0
abuse,0,1
woodland,1,0
uxxxx,1,0
morn,3,0
outsider,1,0
artist,0,1
linerental,0,5
twice,5,0
sing,3,2
itmail,1,0
lshb,0,2
success,2,0
arsenal,0,3
feelin,1,0
reg,2,0
western,1,0
howard,2,0
consent,1,0
ldnwarw,0,2
investigate,1,0
near,9,0
vague,1,0
feelingwavering,1,0
beggar,1,0
faded,1,0
tough,7,0
shitstorm,1,0
vital,1,0
choice,3,3
avble,0,1
rowdy,1,0
twin,1,0
shampain,2,0
becz,1,0
form,1,0
boytoy,16,0
dd,1,0
logging,1,0
stopsmsppm,0,1
iccha,1,0
gota,1,0
marsms,0,1
wen,24,0
drink,20,2
joinedhope,1,0
listen,12,2
poor,10,0
haf,23,0
stopcs,0,1
break,13,5
patent,1,0
temple,4,0
lead,6,0
status,2,0
scream,6,0
aptitude,1,0
barely,6,0
steam,2,0
allahrakhesh,1,0
noworriesloans,0,1
trywales,0,1
stifled,1,0
complain,1,0
strongbuy,0,2
mys,1,0
arithmetic,1,0
decade,1,0
dogg,1,0
dimension,1,0
collage,1,0
hella,4,0
kothi,2,0
someonone,0,1
nighters,1,0
tension,2,0
byatch,1,0
spatula,1,0
wenwecan,1,0
sporadically,1,0
reboot,2,0
wrks,1,0
parking,2,0
yor,3,0
flim,1,0
password,4,3
creativity,1,0
watever,1,0
dena,0,1
lem,8,0
wound,1,0
opps,1,0
listeningthe,1,0
workage,1,0
swell,1,0
poem,2,0
babysitting,1,0
quarter,1,0
payed,1,0
happen,20,0
stoner,1,0
jetton,1,0
shhhhh,1,0
crowd,1,0
nowtcs,0,1
pshewmissing,1,0
concentration,1,0
servs,0,1
goten,0,1
ese,3,0
kisi,1,0
love,193,10
kanoanyway,1,0
anymore,8,0
sq,1,0
smoke,21,0
rct,0,1
deartake,1,0
dollar,7,0
catching,3,0
pounded,1,0
hcl,1,0
pavanaputra,1,0
tohar,1,0
yay,6,0
bruv,2,0
semiobscure,1,0
strike,3,0
yaxx,1,0
sigh,7,0
instead,7,0
mobilesvary,0,2
complexity,1,0
starer,1,0
motherinlaw,1,0
serious,6,0
earliest,1,0
eye,10,2
backa,1,0
mm,10,1
mindsetbelieve,1,0
vewy,2,0
extra,5,7
grandfather,1,0
ohi,1,0
applespairsall,1,0
exciting,2,4
wating,2,0
superior,2,0
lect,9,0
nowstill,1,0
hearin,1,0
astne,1,0
world,34,2
tooo,2,0
gsex,0,1
vomit,5,0
others,9,0
treacle,1,0
chitchat,0,1
dhorte,1,0
busetop,1,0
adress,1,0
nammanna,1,0
apeshit,1,0
grinule,1,0
fakemy,1,0
mudyadhu,1,0
custcare,0,10
except,5,0
struggling,1,0
loosu,1,0
mist,1,0
stamp,3,0
awake,7,0
direct,2,10
vth,2,0
grand,4,0
evone,1,0
borin,1,1
safety,1,0
comment,1,0
ku,1,0
stereophonics,0,1
konw,2,0
piggy,1,0
talent,4,0
iq,4,0
broke,5,0
vodafone,0,6
invitation,1,0
fair,3,0
carso,1,0
witout,1,0
famous,1,0
guessing,2,0
iû÷m,5,0
boye,3,0
brainless,1,0
pause,0,1
alaipayuthe,2,0
vegetable,3,0
thatworzels,1,0
lb,1,0
eek,2,0
dream,24,3
tomo,17,0
shu,2,0
tomorrowtoday,1,0
wrkin,1,0
part,22,10
beerage,1,0
nowsavamobmember,0,1
punch,1,0
peteis,1,0
howdy,1,0
professor,2,0
thanxxx,1,0
sbut,1,0
meetgreet,0,2
danger,1,0
hai,7,0
tt,5,0
limit,2,0
asian,0,1
christmassy,1,0
tomarrow,3,0
acnt,1,0
star,2,3
tul,1,0
againloving,1,0
barkley,0,1
bangbabes,0,1
join,11,16
brum,1,0
unsold,3,0
scenario,1,0
aroundn,1,0
mfl,0,1
delay,2,0
muchi,2,0
inr,2,0
accordinglyor,1,0
looked,5,0
designation,1,0
doesnû÷t,1,0
expected,1,0
destiny,1,0
confidence,4,0
ima,1,0
inner,1,0
kaitlyn,1,0
asapok,1,0
fidalfication,1,0
cooking,4,0
powerful,1,0
payoh,3,0
rushing,1,0
difficulty,2,0
nacho,1,0
begin,5,1
seems,9,0
å£wk,0,5
lov,2,0
citizen,3,0
germany,0,3
hey,106,5
fineinshah,1,0
probthat,1,0
color,2,0
subscrition,0,1
walmart,3,0
gonnamissu,1,0
dolld,1,0
zed,0,6
clearer,1,0
usc,2,0
swtheart,3,0
roast,3,0
haircut,1,0
outfor,1,0
excellent,7,0
offerthe,0,2
nitro,1,0
dudette,1,0
election,2,0
version,6,0
jean,2,0
jelly,1,0
replied,5,1
arun,3,0
himso,1,0
spile,2,0
flatter,1,0
boston,5,0
chill,3,0
minnaminunginte,3,0
nd,12,20
glorious,1,0
practice,2,0
duvet,1,0
poboxntfp,0,1
doinat,1,0
hv,5,0
peach,1,0
waiti,1,0
lunchtime,1,0
nb,2,0
furniture,2,0
hole,1,0
forgive,1,0
available,13,3
hooked,1,0
land,1,18
republic,1,0
twiggs,1,0
explosive,0,2
skateboarding,1,0
jacket,2,0
diesel,1,0
squeeeeeze,1,0
yaxxx,1,0
suffers,1,0
employee,1,0
wrnog,2,0
alcohol,3,0
witin,1,0
middle,3,0
japanese,2,0
becoz,4,0
mbp,0,2
entropication,1,0
desparate,2,0
tobacco,1,0
staffsciencenusedusgphyhcmkteachingpc,1,0
emerging,1,0
sorydarealyfrm,3,0
drastic,1,0
kit,1,1
die,12,0
busty,0,1
program,2,0
doublefaggot,1,0
ne,3,0
refundedthis,0,1
ma,3,0
planned,7,0
domain,1,0
sitll,2,0
gang,3,0
mention,1,0
datoday,2,0
itplspls,4,0
chachi,1,0
curtsey,1,0
helloed,1,0
buzz,7,0
tackle,1,0
rub,2,0
knowyetunde,1,0
visa,1,0
straight,4,2
textbook,1,0
adult,2,4
jock,0,1
laptop,12,0
sheffield,2,0
upsetits,1,0
nichols,2,1
obey,1,0
moment,13,0
chillaxin,1,0
measure,3,0
lateso,1,0
patrick,1,0
disappointment,1,0
cdgt,0,2
ipads,1,0
attractive,1,0
clean,7,0
thangam,3,0
patient,1,0
ar,7,0
youwanna,1,0
weighed,1,0
wat,95,1
select,1,1
luks,1,0
grinder,1,0
wipro,1,0
eatin,7,0
hotel,5,4
telugu,1,0
wnt,6,0
selected,4,25
nu,1,0
xchat,0,5
lawu,0,1
messagesim,0,1
franxx,1,0
faceasssssholeeee,1,0
prayrs,1,0
siri,3,0
riddance,1,0
lifeand,1,0
iåõd,1,0
pobox,0,30
zhong,1,0
clothes,2,0
margaret,3,0
gift,8,21
fucked,2,0
wannatell,1,0
restocked,1,0
followed,1,3
knocking,1,0
poboxoxwwq,0,1
waste,7,0
mary,1,0
pint,1,0
pee,1,0
foley,0,2
pmtmsgrcvd,0,3
zogtorius,1,0
xuhui,3,0
greeni,1,0
brought,2,2
chart,0,3
mistake,8,1
conected,1,0
baaaaabe,1,0
workout,1,0
fring,1,0
optimistic,1,0
mmm,4,0
accessible,0,1
careful,2,2
helen,2,1
anot,2,0
waxsto,2,0
arrange,4,2
andor,1,0
software,3,0
algarve,0,2
creep,2,0
scrounge,2,0
awarded,0,38
sliding,1,0
synced,1,0
wishlist,1,0
rply,5,5
gifted,2,0
starve,1,0
busy,17,2
missin,3,0
wine,11,0
ralphs,1,0
wwq,0,6
romantic,4,1
seen,12,0
wife,24,1
back,129,23
mojibiola,2,0
fmyou,0,1
posting,1,0
ac,0,4
proof,3,0
bedrm,2,0
youd,8,0
chore,1,0
outreach,1,0
biz,0,1
sunny,6,0
finished,19,0
really,85,1
lobby,1,0
kate,11,0
advise,0,3
moan,5,1
pretty,15,0
ahgee,1,0
wwwclubmoby,0,1
especially,9,0
juan,2,0
manual,1,0
turning,2,0
yourinclusive,0,1
weasel,1,0
sprwm,0,1
tomocant,2,0
bong,1,0
scotsman,0,2
breeze,1,0
videosound,0,1
creative,1,0
essential,4,0
iû÷ll,4,0
hol,1,1
murder,6,0
ip,1,5
method,1,0
panren,1,0
cared,2,0
dearshall,1,0
wifi,2,0
fundamental,1,0
bcozi,1,0
autocorrect,1,0
scratching,1,0
express,3,0
satlove,1,0
wwwsmsconet,0,2
report,6,0
placed,1,0
cr,1,7
getanth,1,0
nursery,1,0
fridge,1,0
toldshe,1,0
janarige,1,0
unni,1,0
open,16,1
anjie,1,0
dobby,1,0
he,32,0
coaxing,1,0
stop,40,116
afternoon,28,0
number,68,39
halla,1,0
kfc,1,0
nitz,1,0
actually,32,0
iam,5,0
gdnow,1,0
lady,9,2
gudni,1,0
callcoz,2,0
sorry,153,3
neft,2,0
acsmsrewards,0,1
canåõt,1,0
ksry,1,0
chickened,1,0
bath,11,0
kintu,1,0
forgot,31,0
sextextuk,0,1
sleepwellamptake,2,0
supportvery,1,0
rate,3,29
woot,2,0
james,2,1
dosomething,1,0
salam,1,0
mon,8,0
worry,31,0
joined,4,2
spiderman,0,1
unnecessarily,2,0
preponed,1,0
officer,1,0
someone,46,14
hostel,5,0
hyde,2,0
convincingjust,1,0
bag,8,0
coat,2,0
velachery,1,0
airtel,2,0
coco,1,0
agree,2,0
marry,6,0
txtno,0,2
broad,2,0
till,21,3
raviyog,1,0
kid,12,0
bird,6,1
completes,1,0
enna,1,0
crammed,1,0
sharing,1,0
woken,2,0
mumhas,1,0
reminded,1,0
plz,25,0
paracetamol,1,0
leona,3,0
ourbacks,1,0
freedom,2,0
orig,0,2
island,3,2
moneyas,1,0
wave,2,0
dis,28,2
tvlol,1,0
signing,2,0
joinedso,1,0
whats,32,1
addie,3,0
appreciate,7,0
arrive,1,6
seemed,4,0
pro,1,1
itsnot,1,0
worryc,1,0
daalways,1,0
invited,8,5
bang,2,0
jada,4,0
logoff,1,0
donate,0,2
mths,1,18
hows,44,0
bannfwflyppm,0,1
cut,13,0
threw,2,0
spontaneously,1,0
ups,1,0
bus,32,0
four,2,1
hamster,2,0
beautiful,20,0
chap,0,1
yck,2,0
look,35,3
duffer,1,0
evng,6,0
loosing,1,0
presley,0,1
possessive,1,0
complementary,0,1
city,1,3
giv,2,1
prabu,1,0
officially,2,0
alwys,3,0
inshah,1,0
torture,1,0
kettoda,4,0
uin,1,0
smile,49,0
conserve,1,0
msgp,0,2
raiden,1,0
frnt,1,0
nightnight,1,0
rg,0,1
buy,62,3
epsilon,2,0
speechless,3,0
happily,2,0
promotion,0,1
panasonic,0,1
swan,1,0
satsoundåõs,1,0
sufficient,1,1
calicut,3,0
ibhltd,0,3
touched,3,0
finalise,1,0
tscswinawkage,0,2
itna,1,0
usher,0,2
earth,5,0
played,2,2
suit,2,0
urgentlyits,3,0
homecheck,1,0
beloved,2,0
ltr,1,0
wasnåõt,1,0
grace,2,0
goodfine,1,0
north,1,0
bf,5,0
cheap,6,4
dictionary,4,0
exhaust,2,0
fun,23,9
recent,0,3
challenge,2,1
weak,5,0
harder,1,0
inperialmusic,1,0
anyways,4,0
simpler,2,0
thinkthis,1,0
shower,12,0
google,5,0
meat,1,0
europe,1,1
always,56,0
help,37,23
imagine,7,0
sexychat,0,1
th,41,5
kind,16,0
booty,3,0
faster,3,1
kiosk,0,1
lowcost,0,1
festival,1,0
unintentional,1,0
tiime,1,0
put,29,1
crbt,0,2
okay,26,0
amore,1,0
hope,100,4
miiiiiiissssssssss,1,0
barring,1,0
therexx,1,0
provider,1,0
cutefrnd,3,0
deadwell,1,0
application,2,0
spinout,1,0
waited,2,0
msging,3,0
comingtmorow,1,0
aphexåõs,1,0
playing,5,0
causing,2,0
truekdo,1,0
topicsorry,1,0
jeevithathile,1,0
yeshe,3,0
r,142,23
bull,1,0
spanish,1,2
lodging,1,0
picsfree,0,2
molestedsomeone,1,0
hungover,1,0
ibuprofen,1,0
teletext,0,1
wwwldewsubswinppmx,0,2
lorgoin,1,0
arm,6,0
jeetey,1,0
secondary,1,0
cooped,1,0
hiphop,1,0
bluetoothhdset,0,1
jess,4,0
processexcellent,1,0
nav,1,0
gprs,0,1
filthy,0,2
embarrassed,1,0
greeting,4,0
meowd,1,0
goneu,1,0
nope,15,0
wind,3,0
belt,1,0
notice,4,3
anythin,3,0
tp,1,0
lifted,1,0
kalaachutaarama,1,0
lifpartnr,3,0
prizeto,0,1
sathya,2,0
gudnitetcpractice,2,0
comb,1,0
wake,26,0
thinking,19,0
jorgeshock,0,1
willpower,1,0
capital,1,1
arngd,1,0
px,1,1
rightly,2,0
efficient,1,0
idiot,3,1
beehoon,1,0
whore,1,0
kidding,2,0
youphone,1,0
watching,34,0
dahow,2,0
mandy,0,1
responsible,0,1
command,1,0
fones,0,1
nalli,1,0
blanked,1,0
question,21,10
rememberi,1,0
prince,2,0
spunout,1,0
follow,1,2
cyst,1,0
patty,2,0
tunji,1,0
dealfarm,1,0
predict,1,0
welp,3,0
fighting,5,0
early,33,0
nelson,1,0
rayan,1,0
rain,9,0
drinkpa,1,0
yesim,1,0
wwwasjesus,0,1
optical,1,0
wwwgetzedcouk,0,9
disturb,9,0
degree,2,0
ardìä,1,0
w,17,2
pm,24,9
evil,1,0
residency,1,0
derek,4,0
bathroom,1,0
pract,1,0
soundtrack,0,1
gpu,2,0
bash,1,0
nokia,3,69
necessarily,2,0
appendix,1,0
anyway,27,0
financial,1,0
asthma,1,0
misstake,1,0
resent,0,1
feb,5,1
badass,0,1
completed,2,0
gist,2,0
ingredient,1,0
pa,32,0
boxwrc,0,1
minstand,1,0
limping,1,0
fire,2,0
important,14,12
bad,30,1
getiing,1,0
tomorrowcall,1,0
banned,0,1
p,10,70
england,1,9
panalambut,1,0
ring,15,4
dabooks,1,0
tiwary,2,0
wwwtxt,0,2
uawakefeellikw,1,0
almost,13,0
exam,16,0
pleassssssseeeeee,1,0
vomitin,1,0
pleasant,1,0
mila,0,2
snow,14,0
lousy,3,0
addressull,1,0
cribbs,1,0
cable,1,0
wildlife,1,0
moving,2,0
zouk,0,1
thenwill,1,0
amplikater,1,0
liquor,1,0
colour,5,18
dodgey,1,0
reached,10,0
antelope,1,0
vco,0,1
dengra,1,0
informed,3,2
stitch,1,0
agidhane,1,0
rude,1,3
november,0,1
freeentry,0,1
exmpel,2,0
ffffffffff,1,0
expects,1,0
scallies,0,1
elvis,0,1
fav,1,0
filling,2,0
tui,1,0
lar,38,0
far,16,0
manky,1,0
practical,2,0
sup,6,0
gautham,3,0
rstm,0,2
send,123,67
concern,1,0
wwwtcbiz,0,5
appledayno,1,0
urself,9,0
batch,2,0
snd,1,0
tkts,0,4
passable,1,0
sivatats,1,0
police,10,1
bored,19,4
mr,10,2
thanku,1,0
singapore,1,0
arabian,1,0
wright,1,0
sura,4,0
infra,1,0
refused,0,4
frnds,14,0
mei,7,0
dust,1,0
performed,1,0
speeding,2,0
writhing,1,0
holby,1,0
dl,1,0
showed,1,0
beneath,2,0
tnc,0,2
meatball,1,0
pussy,6,0
kz,2,0
lot,49,2
luv,29,5
corrct,1,0
nokias,0,3
grief,1,0
tlk,2,0
seeker,1,0
squishy,1,0
shindig,1,0
as,13,0
nowreply,0,1
personality,4,0
gold,1,1
property,2,0
snowball,1,0
gwr,1,0
ambrithmaduraimet,1,0
floor,3,0
meaning,6,0
mailed,1,0
resolution,1,0
xxxmobilemovieclubnqjkgighjjgcbl,0,1
uhhhhrmm,1,0
repeating,1,0
disaster,1,1
afternon,1,0
todayhe,1,0
tait,1,0
learned,1,0
medical,8,0
started,17,1
optout,0,13
pokkiri,1,0
delivered,0,4
clarify,1,0
northampton,2,0
sip,2,0
lccltd,0,2
harishs,1,0
philosophical,1,0
weigh,2,0
edward,2,0
chennaii,1,0
signin,1,0
billing,0,1
expert,1,0
gmw,0,1
stamped,0,2
fran,3,0
jstfrnd,3,0
scammer,0,1
yourjob,1,0
worryuse,1,0
wrc,0,2
mail,26,0
mssuman,1,0
babysit,1,0
moseley,1,0
february,4,0
kg,2,0
bluray,1,0
moved,3,0
percentage,1,0
answr,1,0
tctxt,0,2
quizclub,0,1
gn,2,0
todaygood,1,0
internetservice,0,1
selection,0,5
firmware,1,0
compulsory,1,0
puttin,2,0
ifwhenhow,1,0
thati,1,0
sweetest,3,0
tagged,1,0
thriller,1,0
english,5,0
accordingly,1,1
harlem,1,0
present,8,0
tote,1,0
created,5,1
housemaid,7,0
bread,2,0
notified,0,1
dismissial,1,0
youuuuu,1,0
logged,1,0
independence,1,0
matured,4,0
yesfrom,1,0
hex,2,0
sane,1,0
tamilnaduthen,1,0
half,25,13
sue,0,2
worm,1,0
abnormally,1,0
andrewsboy,1,0
biolas,1,0
prasad,1,0
rem,5,0
query,0,1
cute,7,1
drunk,3,0
function,2,0
milkdayno,1,0
manege,1,0
sts,1,0
significance,1,0
fetching,1,0
missy,1,0
leonardo,1,0
reapply,1,0
blastin,1,0
smell,2,0
stressful,1,0
unsoldmike,1,0
okors,1,0
iscoming,1,2
availablethey,1,0
bray,0,2
denis,2,0
immunisation,1,0
properly,2,0
audition,3,0
recession,2,0
urgentbut,3,0
title,0,6
barred,1,0
dining,0,1
tactful,1,0
quickly,3,0
anybody,5,0
shorethe,1,0
referin,1,0
freaky,1,0
optoutdwv,0,1
ashwini,1,0
tonesyoucouk,0,2
weirdest,2,0
maturity,2,0
wcnxx,0,4
mother,5,0
hl,0,8
atyour,1,0
sake,2,0
perfect,3,1
basically,5,0
glory,1,0
canname,0,1
gosri,1,0
roller,1,0
pei,1,0
coping,2,0
british,0,2
possessiveness,1,0
brainy,1,0
dancing,2,0
cud,4,0
redim,1,0
said,86,0
raping,1,0
wot,23,1
relation,5,0
eating,7,0
hello,46,3
stdtxtrate,0,1
gibbs,2,0
wtc,1,0
tbspersolvo,0,1
exist,1,0
spring,3,0
lttrs,2,0
caller,6,12
lucozadecoukwrc,0,2
usual,7,0
salesman,1,0
fantastic,3,7
celebrated,1,0
chop,1,0
shoot,4,0
prompt,0,2
removal,0,2
evening,28,1
wwwflirtpartyus,0,1
southern,1,0
prolly,3,0
dogwood,1,0
hanumanji,1,0
theplace,1,0
mp,2,6
so,1,0
smartthough,0,1
finest,0,1
nasdaq,0,2
visionsms,0,2
joanna,2,0
worldmay,1,0
despite,2,0
mean,46,0
sfine,1,0
ah,30,0
dont,257,22
top,7,16
rv,1,0
yeh,2,0
poet,1,0
jerry,2,0
firsg,1,0
hr,18,22
yesgauti,1,0
useless,1,0
ummmawill,1,0
vilikkamt,1,0
convinced,2,0
boggy,1,0
refilled,2,0
doubletxt,0,1
shifad,1,0
morrow,3,0
accounting,1,0
upon,1,0
forgets,2,0
day,219,36
ìll,2,0
cometil,1,0
somone,1,0
drivin,4,0
calloptout,0,2
farm,2,0
lekdog,1,0
usmle,1,0
ffffuuuuuuu,1,0
worthless,1,0
oyster,1,0
phonebook,1,0
todayfrom,0,2
customer,9,51
wahala,1,0
logopic,0,3
different,10,0
sayask,1,0
defo,1,0
makin,2,0
youto,0,1
menu,6,1
ganesh,2,0
hmv,0,11
scary,3,0
nordstrom,1,0
timedhoni,1,0
corvette,1,0
qbank,1,0
wquestion,0,1
ball,2,1
mth,1,0
space,6,2
engin,2,0
ahsen,2,0
chikku,12,0
might,34,0
beauty,3,0
viva,2,0
johnåósounds,1,0
gut,1,0
posterode,1,0
managed,2,0
agreen,0,1
various,2,1
badrith,1,0
bcums,4,0
boltblue,0,1
deliver,5,0
decorating,1,0
marriage,6,0
wb,0,7
centre,5,0
reacting,1,0
bxipwe,0,3
club,1,20
vijaykanth,1,0
make,111,13
muchand,1,0
anytime,4,12
smithswitch,0,1
visit,8,7
loverakhesh,1,0
nver,1,0
aight,33,0
agent,1,1
wthout,1,0
stockport,0,6
jackson,1,0
hall,1,0
brilliantthingi,1,0
brownie,2,0
sthis,1,0
force,3,0
nurungu,3,0
carpark,1,0
negative,1,0
am,1,0
naked,6,1
bcaz,1,0
either,12,10
rummer,1,0
reliant,1,0
ryder,1,0
instantly,2,1
misscall,1,0
local,1,5
bishan,4,0
center,2,2
aathilove,3,0
monlrsx,1,0
å£pmmorefrommobilebremovedmobypoboxlsyf,0,1
xxxx,1,1
bu,0,1
headin,2,0
marrow,2,0
xclusiveclubsaisai,0,1
wp,0,3
brief,2,0
permission,2,0
within,6,7
division,2,0
bck,2,0
easier,4,0
groovying,1,0
watch,34,0
bid,1,8
php,0,3
ding,2,0
anna,2,0
cliff,2,0
magazine,1,0
ever,32,3
anybodys,1,0
lined,1,0
phews,1,0
allowed,2,0
nobody,9,0
godnot,1,0
stool,1,0
facility,1,0
suprman,0,3
prayer,1,0
maxå£,0,3
neo,0,1
aa,1,0
gbpmtmsg,0,3
handset,0,6
stunning,1,0
envy,1,0
rumour,2,0
aiyar,4,0
confirmd,2,0
weiyi,1,0
fieldof,1,0
wrd,1,0
devouring,2,0
durham,1,0
tok,2,0
cfcaa,0,1
bend,1,0
jd,2,0
case,14,0
cnn,2,0
carlosll,1,0
gailxx,1,0
christ,2,0
start,33,9
stevelike,1,0
loss,4,0
side,13,0
feathery,1,0
sn,2,1
amy,1,1
sorted,2,0
theatre,6,0
phony,0,1
across,10,0
wwwgambtv,0,1
phne,3,0
growrandom,1,0
navigate,1,0
o,2,0
selfish,1,0
smith,1,0
thekingshead,1,0
yest,7,0
urfeeling,1,0
lo,2,0
mymoby,0,1
uptown,0,1
hicts,1,0
particular,1,0
hesitant,1,0
compensation,0,1
melt,2,0
wither,0,1
careumma,1,0
gowait,1,0
diff,3,0
spiral,1,0
gudk,2,0
obedient,1,0
soft,3,0
aust,1,0
hiwhat,1,0
definite,2,0
kill,3,0
ahmad,6,0
require,1,0
pole,1,1
expired,0,1
hair,24,0
nbme,1,0
sundayish,1,0
darren,12,0
personally,1,0
chez,1,0
prescripiton,0,1
ax,1,0
armenia,1,0
hardly,2,0
praise,1,0
bristol,2,0
isnû÷t,1,0
uni,5,0
stay,22,3
acting,1,0
alls,1,0
sense,7,0
thin,1,0
walkin,1,0
pple,5,0
buzzzz,1,0
landlineonly,0,1
prof,2,0
isnûªt,1,0
qatar,4,0
tool,2,0
mentionedtomorrow,1,0
hogli,1,0
interest,2,0
chiong,1,0
nothis,1,0
fone,9,5
tank,2,0
machan,4,0
texd,1,0
fifty,1,0
allo,1,0
ft,1,0
oops,10,0
pile,1,0
correction,1,0
thoso,1,0
waheed,2,0
truly,2,3
ryan,1,0
sirjii,1,0
lifebook,1,0
tip,1,1
transfred,1,0
disturbancemight,1,0
tranquility,1,0
urn,4,0
related,1,0
punish,1,0
drug,15,0
gail,1,0
ilol,1,0
gosh,1,0
santa,0,4
life,78,3
youll,13,1
tomorrow,80,10
july,1,2
nh,1,0
contribute,1,0
wild,0,1
drinking,3,0
evey,1,0
askin,6,0
victoria,1,0
pmt,1,1
indicate,0,2
tol,1,0
acoentry,0,2
newquaysend,1,0
yummy,3,0
ink,1,0
bcm,0,3
ovr,1,0
become,5,1
freefone,0,4
åôrents,1,0
prem,1,1
paris,0,3
numberso,1,0
tenant,0,4
document,1,0
horo,0,2
korte,1,0
shoe,2,0
tiempo,1,0
rajipls,3,0
donyt,1,0
sp,0,3
sir,34,1
know,241,26
miwa,1,0
tantrum,1,0
margin,0,1
werethe,1,0
hwkeep,1,0
checking,11,0
dramastorms,1,0
theyll,1,0
liver,1,0
dancce,1,0
camry,1,0
unhappiness,1,0
neekunna,1,0
melle,6,0
florida,1,0
wwwsmsacubootydelious,0,1
weddingfriend,0,1
rearrange,1,0
messaging,0,2
leftover,1,0
forgiven,2,0
lowes,1,0
hail,1,0
yesbut,1,0
search,15,2
whenwhere,1,0
seperatedö´óû¬ud,1,0
ltdhelpdesk,0,1
closingdate,0,1
glasgow,1,0
supply,1,3
ldnwh,0,3
snappy,0,1
known,1,0
reminding,2,0
nanny,2,0
computational,1,0
vu,0,2
madstini,1,0
incorrect,0,1
carlie,0,1
doll,1,0
simonwatson,0,1
orc,1,0
edrunk,1,0
river,2,0
modl,1,0
mf,0,1
sugardad,1,0
lived,2,0
freephone,0,8
height,4,0
wer,6,0
marketing,0,1
sullivan,0,1
bac,1,0
app,2,4
tim,1,0
bao,1,0
wocay,1,0
rather,7,0
lifeis,1,0
assistance,1,0
okmail,0,1
officestill,1,0
administrator,2,0
elaborating,1,0
alsoor,1,0
hopeu,1,0
youcarlos,1,0
favour,4,0
internet,6,0
darker,1,0
gandhipuram,1,0
remembr,1,0
audrey,1,0
allahmeet,1,0
postponed,1,0
clos,3,0
temp,3,0
lennon,1,0
rat,1,0
lyfu,2,0
every,40,33
repair,3,0
cancelled,2,0
nitw,1,0
painhope,1,0
dokey,2,0
solve,4,0
abbey,1,0
gauge,1,0
gnarl,0,1
road,10,0
market,3,0
amrita,1,0
raining,6,0
abt,26,0
sankatmochan,1,0
voice,10,0
disconnect,2,0
special,32,11
formal,1,0
lasting,1,0
ipaditan,1,0
ay,1,0
court,1,0
customercare,0,1
animal,1,0
grfun,1,0
track,6,0
prashanthettans,1,0
othrs,1,0
dp,0,1
niswt,2,0
vaazhthukkal,2,0
webeburnin,0,1
exposed,1,0
nytecalpmsgp,0,1
establish,1,0
well,126,7
loved,11,0
cast,0,1
balloon,1,0
differ,1,0
ing,1,0
wedding,2,1
donno,2,0
randomly,1,2
deam,1,0
decking,1,0
friendship,22,0
ttyl,6,0
prediction,1,0
ceiling,1,0
shaping,1,0
pretend,1,0
kano,3,0
wotz,1,0
u,1043,163
chess,1,0
smiling,20,0
hop,7,0
aom,0,2
offer,8,38
chk,1,0
ofwd,0,2
perpetual,1,0
diet,4,0
confirm,10,1
ke,2,0
loveable,1,0
connection,6,1
sept,1,3
bone,2,0
kotees,1,0
underwear,2,0
arestaurant,1,0
forwarding,1,0
på£,0,2
text,77,138
slept,8,0
man,44,1
simple,17,1
deliveredtomorrow,0,3
doesdiscountshitinnit,1,0
pdatenow,0,1
paragraph,1,0
courageous,1,0
attractioni,1,0
websitenow,1,0
drvgsto,0,1
yunny,2,0
nasty,1,1
farrell,0,1
dippeditinadew,2,0
polyc,0,1
pe,1,0
little,27,3
rent,10,0
yes,71,21
good,223,12
sink,1,0
worriedx,1,0
fastest,0,2
nowi,2,0
freeringtonereply,0,1
swear,1,0
lily,0,2
hols,2,2
kittum,1,0
stage,1,0
dump,1,0
leastwhich,1,0
ahhh,1,0
entertaining,1,0
xxuk,0,1
justbeen,1,0
key,6,1
gon,59,0
sometime,3,0
footy,0,1
internal,1,0
rebtel,1,0
couldnåõt,1,0
childporn,1,0
fated,1,0
skyped,2,0
ear,3,0
best,38,9
dearrakhesh,1,0
outrageous,1,0
hang,2,0
wishing,10,0
support,10,2
tfp,0,1
fastpls,1,0
sambarlife,1,0
calld,2,0
smoked,1,0
manda,4,0
printed,2,0
deeraj,2,0
organise,1,0
jide,1,0
goigng,1,0
dough,2,0
bold,9,0
yogasana,5,0
jsco,0,2
olowoyey,1,0
ukp,0,1
cam,2,2
posted,6,0
nok,0,2
ya,55,1
got,244,7
eng,0,4
uneventful,1,0
colourful,1,0
cld,2,0
download,10,3
frndz,1,0
swhrt,1,0
riley,1,0
eca,0,4
yoyyooo,1,0
restrict,1,0
accordin,1,0
previous,2,1
souveniers,1,0
norm,1,2
expecting,5,0
witot,1,0
heart,41,3
trusting,1,0
list,8,0
wkend,3,1
resend,2,0
king,4,3
wondarfull,1,0
kb,7,0
stuck,3,0
backdoor,0,1
mofo,1,0
collapsed,1,0
idu,1,0
press,10,3
come,242,5
txtauction,0,4
renting,1,0
piah,1,0
radiator,1,0
atm,3,0
carlos,15,0
ami,1,0
chain,3,0
lautech,1,0
chatter,0,1
made,28,1
wallpaperall,0,1
prsn,1,0
girlfrnd,3,0
atten,1,0
studentfinancial,1,0
exercise,1,0
winnersclub,0,1
masked,0,1
blow,1,2
asa,1,0
arab,1,0
six,1,3
bw,1,0
daurgent,1,0
slot,2,0
byåóleafcutter,1,0
yo,36,1
syrup,1,0
shoving,2,0
luck,7,6
poortiyagi,1,0
amrca,1,0
increase,1,0
gv,2,0
chord,1,0
overa,1,0
wwwcnupdatesnewsletter,0,1
offline,1,0
hypertension,1,0
wednesday,8,0
dehydrated,1,0
cuddle,3,0
pillow,1,0
tolerance,1,0
jay,14,0
wil,18,0
ahhhhjust,1,0
splwat,1,0
lingo,1,0
textand,0,1
lightly,1,0
kkwhere,2,0
dismay,1,0
textcomp,0,1
ola,2,0
bk,1,0
lotto,1,0
bridgwater,1,0
weight,7,0
uscedu,1,0
wisdom,3,0
gravy,1,0
carolina,1,0
chuck,1,0
wwwfullonsms,2,0
somethings,1,0
problum,1,0
sagamu,1,0
respond,4,1
talking,13,0
pas,7,5
laurie,1,0
candont,1,0
catch,10,0
marley,0,1
matric,1,0
forwarded,5,4
coupla,1,0
gobi,1,0
gona,3,0
possible,8,0
appeal,1,0
attitude,1,0
last,65,13
kath,0,1
itlet,2,0
conform,2,0
innocent,2,0
gibe,1,0
fantasy,0,11
bstfrnd,3,0
chance,12,29
tv,22,6
todo,1,0
taxless,1,0
slomsgs,0,1
pressure,1,0
coimbatore,1,0
exorcism,1,0
shite,1,0
updat,1,0
cresubi,1,0
laughed,3,0
woould,1,0
truthful,1,0
batchlor,1,0
bottom,3,0
clubmobiles,0,1
enjoy,29,10
rice,2,0
honesty,1,0
yah,1,0
white,5,0
msgsp,0,2
bin,4,1
met,9,1
neshanthtel,1,0
pax,1,0
mw,1,0
involve,1,0
lotta,2,0
wasnt,13,0
munsters,0,2
youhow,1,0
winaweek,0,2
deal,8,1
cheetos,1,0
warwick,1,0
recovery,2,0
flyim,1,0
finishd,1,0
browse,0,1
pump,1,0
footie,1,0
mistakeu,1,0
relationshipits,1,0
raj,2,0
credit,5,18
b,63,21
customersqueriesnetvisionuk,0,1
spent,8,0
inconvenient,1,0
tai,1,0
mobileupd,0,16
let,87,5
admiti,1,0
nightswe,1,0
expression,2,0
mattermsg,1,0
conclusion,1,0
aha,8,0
telly,2,0
sale,5,4
dificult,3,0
remain,4,0
kay,2,0
secure,1,0
ml,2,0
chatting,1,2
burger,1,2
gucci,1,0
hence,2,0
youclean,4,0
punto,1,0
fml,2,2
settle,3,0
havenåõt,2,0
skype,4,0
deep,10,0
purse,2,0
somewhat,1,0
itz,2,0
anal,1,0
flying,1,0
dice,1,0
cloud,1,0
xxxxxxxxx,0,3
howre,1,0
misbehaved,2,0
wwwtextpodnet,0,2
applebees,2,0
bfore,1,0
holidayso,3,0
freeday,0,2
recount,1,0
madthen,1,0
monkeyaround,1,0
shahjahan,1,0
review,2,4
ssnervous,1,0
lovely,15,0
hussey,1,0
ti,5,0
teasing,6,0
loser,1,0
dial,1,1
concentrate,3,0
daddy,8,0
opponenter,1,0
lesser,1,0
sensible,1,0
bill,9,3
hearted,1,0
textsweekend,0,1
lager,1,0
splendid,1,0
courtroom,1,0
thot,2,0
begun,1,0
rental,0,12
jb,1,0
nicenicehow,2,0
fear,3,0
madoke,1,0
marriageprogram,1,0
crazyin,0,1
herwill,1,0
football,2,2
hadnt,1,0
eruku,1,0
genus,1,0
nicky,1,0
call,241,361
fizz,1,0
soonc,1,0
canal,2,0
nohe,1,0
diddy,1,0
costå£pm,0,6
readyall,1,0
downloads,0,3
crave,11,0
camcorder,0,15
mentionned,1,0
spageddies,1,0
qlynnbv,0,1
couple,12,1
db,1,0
expose,1,0
sickness,1,0
couch,1,0
borderline,1,0
stylist,1,0
fast,14,1
streetshall,1,0
heap,1,0
pura,1,0
planettalkinstant,0,1
troubleshooting,1,0
interesting,5,0
dled,1,0
atlanta,4,0
hairdresser,1,0
jesus,5,0
practicing,2,0
foned,1,0
aletter,1,0
minute,39,12
plumber,1,0
chief,1,0
gving,2,0
arranging,1,0
annoying,2,0
drunkard,1,0
soonxxx,1,0
messy,2,0
uûªve,0,1
bpo,1,0
realise,2,0
no,2,1
transfr,2,0
fresher,1,0
edison,2,0
huge,2,0
tonesu,0,2
configure,1,0
slave,8,0
checkboxes,1,0
ramaduth,1,0
maretare,1,0
oru,4,0
dom,1,0
deltomorrow,0,1
adam,0,2
prob,16,0
need,171,11
gurl,1,0
action,0,4
could,53,7
salmon,1,0
imat,1,0
harri,1,0
meanwhile,4,0
count,3,0
chest,2,0
gek,1,0
moneeppolum,1,0
pressies,1,0
whenevr,3,0
nojst,1,0
agesring,1,0
blown,1,0
disagreeable,1,0
min,38,54
attending,1,0
gbpmonth,0,1
sooo,1,0
anywhere,3,0
onlybettr,1,0
nosh,1,0
uniquei,1,0
sumthinxx,1,0
costå£max,0,1
rdy,1,0
chik,0,1
esplanade,4,0
gotmarried,1,0
overheating,1,0
prize,0,94
slurp,1,0
comprehensive,1,0
needa,1,0
slightly,2,0
subpoly,0,3
accenture,1,0
bay,4,0
photoshop,1,0
ashley,1,0
deduct,1,0
breath,1,1
one,170,10
maneesha,3,0
yam,1,0
whether,5,0
hesitation,1,0
passport,1,0
brain,4,0
quick,8,0
hard,13,3
colleague,9,0
boughtåóbraindanceåóa,1,0
dan,2,0
hvae,0,1
mc,1,0
mate,16,13
iåõllspeak,1,0
ethnicity,1,0
beach,1,0
appt,4,0
murdered,7,0
mornin,1,0
maximize,0,7
txtp,0,1
readiness,1,0
mah,13,0
eat,38,0
tmobile,0,3
ptone,0,5
mode,9,0
tmrw,2,0
hershe,1,0
yettys,1,0
yalru,1,0
drizzling,1,0
goodwhen,1,0
wizzle,1,0
faglord,1,0
birthdate,2,0
il,8,0
fret,2,0
deserve,1,0
venugopal,1,0
travelling,1,0
bite,4,0
drinkin,2,0
unsubscribed,0,1
impatient,2,0
gettin,8,2
nuerologist,1,0
sipix,0,6
knickers,0,1
eckankar,1,0
iknow,1,0
formatting,1,0
single,7,6
swollen,1,0
right,91,3
aint,9,0
miss,70,7
power,8,0
wwwapplausestore,0,1
advisor,0,1
arises,1,0
panic,2,0
interfued,1,0
mel,2,0
ello,1,0
workin,8,0
xå£pw,0,1
lk,2,0
ipad,2,0
ruining,2,0
tscs,0,20
tall,1,0
parachute,1,0
dual,1,0
vry,6,0
born,3,0
shb,1,0
dizzamn,1,0
tescos,1,0
adventuring,1,0
vibrator,1,0
gym,12,0
turned,1,0
hidden,1,0
smidgin,1,0
alert,0,5
rob,1,0
xmas,13,15
decision,6,0
sio,1,0
ntwk,0,4
infront,2,0
yorge,1,0
fuck,30,0
remembrs,1,0
bû÷ham,1,0
freesend,0,2
serving,2,0
ìïll,1,0
mahal,2,0
lturlgt,3,0
hassling,1,0
monthnot,1,0
dvg,1,0
ûï,0,1
stretch,2,0
unlimited,4,10
bleak,1,0
meshe,1,0
film,9,4
mailbox,0,2
enough,27,2
true,22,3
absence,1,0
partnership,2,0
oneta,1,0
highest,0,1
nimya,3,0
yeesh,1,0
regular,2,1
bambling,1,0
dungerees,1,0
lick,5,0
salad,1,0
batsman,1,0
romcapspam,0,1
infowwwpercentreal,0,3
yessura,1,0
detail,19,8
hangin,1,0
mahfuuzmeaning,1,0
attracts,1,0
nowcan,1,0
dedicated,2,0
wifehow,3,0
wow,10,2
worried,9,0
super,3,3
wrecked,1,0
receiptsûówell,1,0
nofew,1,0
dreamsu,1,0
sometimes,8,0
sang,0,1
likely,3,0
michael,1,0
fool,5,0
display,3,0
ecstacy,0,1
prizeawaiting,0,1
åômorrow,1,0
nap,3,0
another,35,2
module,4,0
windy,1,0
junna,1,0
bout,13,1
account,23,19
problem,41,0
subscriber,0,5
pay,30,1
meant,14,0
baller,1,0
jo,2,0
wherebtw,1,0
league,1,0
å£morefrmmob,0,2
basqihave,1,0
panty,1,0
mag,2,0
complacent,1,0
icon,1,0
musta,1,0
verified,2,0
doke,1,0
pictxt,0,1
jx,0,1
treadmill,1,0
ldn,0,10
korche,1,0
apartment,8,0
website,4,1
sh,1,0
crossing,1,0
mapquest,1,0
normal,8,1
lunchyou,1,0
weû÷ll,1,0
reception,1,0
jerk,1,0
iphone,1,0
fathima,3,0
cutest,1,0
rewarding,2,0
godyou,1,0
reache,1,0
fudge,1,0
lavender,1,0
racing,2,0
uttered,1,0
probably,33,0
repent,1,0
trackmarque,0,1
pleasured,1,0
tor,1,0
mobstorequizppm,0,1
suggestion,2,0
ranju,1,0
town,24,3
freaking,1,0
exact,4,0
everywhere,2,0
lower,2,0
eurodisinc,0,2
flute,1,0
hustle,1,0
schedule,2,0
warranty,0,2
xpwk,0,5
sky,1,4
accumulation,1,0
maq,0,1
ptxt,0,2
astronomer,1,0
pattern,2,0
thinked,1,0
laden,1,0
ammaelife,1,0
doubt,2,0
sathy,1,0
tariff,0,6
lotz,1,0
fried,1,0
dave,1,2
found,16,1
lounge,2,1
innu,1,0
sentdate,2,0
manchester,0,1
engalnd,1,0
behave,3,0
embassy,1,0
saeed,1,0
cumming,1,0
paragon,2,0
gari,1,0
congratulation,1,14
directly,6,0
grocer,1,0
breathe,2,1
kadeem,3,0
inclusive,0,5
pptxt,0,2
cal,6,0
informedrgdsrakheshkerala,1,0
creepy,2,0
interested,7,0
fromm,0,4
mite,4,0
correctly,1,0
planet,1,0
ijust,1,0
ithis,0,1
popped,3,0
heri,2,0
companion,1,0
responding,2,1
pace,1,0
neighbor,2,0
btnationalrate,0,8
italian,5,0
olayiwolas,1,0
oscar,1,0
dad,30,0
sends,2,0
biatch,1,0
pc,2,6
flirting,1,1
tablet,4,0
westlife,0,2
evo,1,0
formsdon,1,0
line,8,37
tee,2,0
ivatte,1,0
omw,7,0
ba,2,0
muz,11,4
sensesrespect,1,0
jokin,2,0
marrgeremembr,1,0
possiblehope,1,0
shared,1,0
alivebetter,1,0
tm,4,0
lv,2,0
alot,1,0
london,2,4
skill,0,1
kane,1,0
approved,1,0
stressfull,1,0
date,11,11
move,13,0
registration,1,0
matthew,0,1
q,2,4
lingerie,0,1
urination,1,0
apart,2,0
everyone,16,2
lr,6,0
vijay,4,0
squeezed,1,0
noon,9,0
kalainar,1,0
complaining,1,0
hide,2,1
shagged,0,2
premium,0,2
entire,1,0
backwards,1,0
oredi,15,0
speciale,0,1
queen,4,0
zf,0,1
ape,1,0
daywith,1,0
original,1,4
nyusa,0,1
sppok,0,1
itxx,1,0
jamsterget,0,1
porn,0,4
selfindependence,1,0
cheek,1,0
quality,5,2
inlude,1,0
hundred,2,0
yard,0,1
starshine,1,0
dabbles,1,0
garage,3,0
electricity,2,0
wont,51,3
colleg,1,0
forfeit,1,0
slovely,1,0
hottest,0,1
attack,1,0
coughing,1,0
tenerife,0,7
bare,1,0
oja,0,1
valued,2,11
error,2,1
kkim,3,0
caught,3,0
netflix,1,0
onlymore,1,0
spree,0,7
abstract,1,0
uncomfortable,1,0
jet,1,0
youmy,1,0
reach,26,5
alrite,6,0
bbq,1,0
pmsgrcvdhgsuitelandsrowwjhl,0,4
dare,4,0
burning,2,0
ad,5,2
brison,1,0
reduce,2,0
wwwwincouk,0,2
ex,10,0
blah,3,0
de,24,0
parantella,1,0
seeno,1,0
peace,3,0
sexiest,0,1
rakhesh,1,0
somtimes,1,0
wo,2,0
whileamp,1,0
themobyo,0,1
china,3,0
didnû÷t,2,0
mrng,14,0
anetworks,0,1
cashbincouk,0,1
intrepid,1,0
lush,2,0
abj,2,0
homeowner,0,3
wikipedia,1,0
expires,0,17
bcmwcnxx,0,2
remembered,3,0
againcall,1,0
losing,4,0
gymnastics,1,0
pandy,1,0
mint,1,0
liaoso,1,0
parish,1,0
arrow,0,1
kallis,6,0
pls,98,11
kgood,1,0
scouse,1,0
govtinstituitions,4,0
elaborate,1,0
txts,0,13
xoxo,1,0
ou,0,1
å£pm,0,1
gone,15,0
knowwait,1,0
swoop,2,0
provided,0,3
gudnyt,1,0
pretsovru,1,0
vettam,3,0
andros,2,0
nownyt,0,1
ocoukgames,0,2
sim,6,5
def,4,0
fuuuuck,1,0
playin,1,0
whatû÷s,1,0
tortilla,2,0
dog,7,1
holy,2,0
relative,2,0
hundredhe,1,0
burrito,1,0
smokin,1,0
census,1,0
age,8,16
gaytextbuddy,0,2
ouch,1,0
audreys,1,0
syllabus,1,0
whose,1,1
vpod,0,1
themed,1,0
talkin,1,0
wwwbiz,0,1
guessed,1,0
carlin,1,0
american,3,0
urgent,2,63
tulip,0,2
labor,1,0
cashed,1,0
convey,9,0
recognises,1,0
mee,1,0
loo,1,0
nightnobody,1,0
tncs,0,6
iåõve,1,0
needy,1,0
inde,1,0
us,1,0
banneduk,0,1
trust,9,0
charity,0,9
machiany,1,0
inclu,0,1
married,5,2
seventeen,1,0
caken,5,0
storming,3,0
five,3,3
egbon,1,0
diwali,2,0
info,2,12
making,23,0
guild,1,0
hellodrivbyquit,1,0
regret,2,0
wwwdbuknet,0,2
basketball,1,0
darkest,0,1
leading,0,1
cine,7,0
lapdancer,0,1
ooooooh,1,0
checkin,1,0
britney,0,2
stink,1,0
mg,0,1
crap,2,0
winterstone,1,0
l,2,2
asked,22,6
happiness,13,0
ia,2,0
test,25,0
timeyou,1,0
chillin,3,0
extreme,0,1
cmon,0,1
nydc,2,0
lift,7,0
drive,20,0
aspect,1,0
realizes,1,0
hubby,1,2
nange,1,0
aid,2,0
goodmate,1,0
apologise,3,0
firefox,1,0
fal,1,0
convenience,1,0
desk,1,0
senor,1,0
hat,1,0
officeunderstand,3,0
otbox,0,1
jaz,1,0
animation,0,1
tke,1,0
burden,1,0
gynae,1,0
gbpsms,0,1
ctagg,1,0
bothering,1,0
aeronautics,2,0
arr,1,0
digi,1,0
blake,3,0
uncountable,1,0
burnt,1,0
visiting,1,0
tellmiss,1,0
babyhope,1,0
checked,6,0
batt,1,0
hear,29,3
dahe,1,0
wiproyou,1,0
ice,7,1
tongued,1,0
steamboat,1,0
talked,1,0
photo,9,3
belly,5,0
determined,1,0
mob,0,25
thk,50,0
cage,1,0
slice,3,0
link,5,6
puzzle,1,0
learn,5,2
activity,4,0
gap,10,0
terminatedwe,1,0
sick,9,0
itåõs,2,0
dubsack,3,0
result,6,3
html,0,1
flippin,1,0
teethis,1,0
fps,1,0
sehwag,1,0
ppmsg,0,1
hor,2,0
plumbingremixed,1,0
msn,2,0
recently,5,2
truro,1,0
kkits,1,0
wheat,1,0
win,15,62
fan,2,1
honestly,1,0
hand,19,0
dentist,2,0
pen,1,0
ha,16,0
ugadi,1,0
chocolate,2,0
avenue,1,0
skint,1,0
irritated,1,0
belongs,1,0
weirdy,1,0
throwing,1,0
welltake,2,0
shore,1,0
dict,1,0
instruction,1,2
soon,56,3
daal,1,0
geting,1,0
golddigger,0,1
fals,1,0
sitter,1,0
perumbavoor,1,0
folk,0,1
use,36,8
sugar,4,0
bud,4,0
sol,0,7
foregate,1,0
hittng,1,0
journey,3,0
hogidhechinnu,1,0
wnevr,1,0
xxsp,0,1
would,72,4
shy,2,1
vldo,1,0
develop,2,0
combination,1,0
sfirst,1,0
real,24,13
describe,1,0
crash,2,0
depressed,2,0
wallet,1,0
legitimat,0,1
smaller,1,0
reading,13,0
myspace,1,0
careabout,1,0
range,2,0
dasara,1,0
malaria,7,0
waaaat,1,0
okvarunnathu,1,0
setting,3,3
dangerous,1,0
passed,4,0
dereks,1,0
dryer,1,0
antibiotic,1,0
oke,1,0
le,11,2
meaningless,1,0
onedge,1,0
ehrr,0,1
gdthe,1,0
wale,2,0
subscribegbpmnth,0,2
finance,2,0
cameravideo,0,2
splat,1,0
nevr,1,0
determine,1,0
teacher,3,0
weather,7,0
take,124,18
messagestext,0,1
waheeda,1,0
sudden,1,0
potato,1,0
jap,1,0
shd,7,0
cloth,1,0
fellow,1,0
dock,2,0
keyword,0,1
duo,1,0
drunken,2,0
mmmm,3,0
fassyole,1,0
gin,2,0
male,0,3
å£s,0,1
wiskey,2,0
frying,3,0
entertain,1,0
hallaq,2,0
amazing,3,3
revision,2,0
technology,1,0
ridden,1,0
priya,1,0
mushy,1,0
dude,24,0
corporation,1,0
lodge,1,0
buen,1,0
formallypls,1,0
pocy,1,0
redeemable,0,1
howve,1,0
glo,1,0
boxnqp,0,3
åòharry,0,1
hereremember,1,0
semi,1,0
fainting,1,0
sonyericsson,0,5
goodnoon,2,0
heartheart,2,0
footblcrckt,1,0
cer,1,0
ki,6,0
wordnot,1,0
pick,69,2
herwho,1,0
device,1,0
usps,1,0
chloe,0,1
attached,2,0
rawring,1,0
ward,1,0
teju,1,0
popcorn,1,0
gei,1,0
vehicle,1,0
bcoz,10,0
poyyarikaturkolathupalayamunjalur,1,0
seed,0,2
texting,5,1
thought,47,1
identifier,0,16
spl,4,0
sachinjust,1,0
level,1,0
lancaster,1,0
beeen,1,0
face,29,0
qxj,0,4
pesky,1,0
snickering,1,0
stone,4,0
membershiptake,1,0
henry,0,2
ew,1,0
xy,9,0
groundamla,1,0
dearslp,2,0
ifink,1,0
ringtones,0,5
million,2,0
outif,1,0
bit,44,0
ill,236,1
callfreefone,0,2
id,29,3
laid,1,3
cozy,1,0
crush,1,0
hire,1,0
recharged,1,0
tadaaaaa,1,0
prone,1,0
croydon,0,7
hlp,0,2
mk,0,1
ywhere,1,0
itu,2,0
tom,2,1
shldxxxx,1,0
lacking,1,0
avalarr,1,0
delete,2,0
spouse,1,0
toopray,2,0
spoke,6,0
mnth,1,0
clock,5,0
turkey,1,0
added,4,2
doin,10,0
luvd,1,0
jolt,2,0
sunlight,2,0
shinco,0,1
prakesh,1,0
sherawat,1,0
eyeddont,0,1
whatever,17,0
worc,1,0
loose,2,0
specialisation,1,0
ibh,0,2
becaus,1,0
god,40,1
section,2,0
goverment,1,0
ela,2,0
embarassing,1,0
shouted,3,0
exwife,1,0
twenty,2,0
fave,3,0
maxmonth,0,1
propose,2,0
hme,1,0
load,11,1
smsing,1,0
boatin,1,0
mundhe,1,0
weekly,0,24
eh,12,0
coveragd,1,0
frens,9,0
atleast,1,0
spoilt,1,0
cancel,3,5
bmw,3,0
itboth,1,0
ashleys,1,0
accommodation,0,1
expect,4,0
singing,2,0
tcllc,0,1
kaiez,2,0
smsd,1,0
daily,2,4
bday,15,0
saucy,0,3
lately,2,0
lyf,2,0
imin,1,0
toilet,0,1
hont,1,0
beating,1,0
cheating,2,0
topped,0,1
food,23,0
infact,1,0
apnt,1,0
que,1,0
copy,10,0
bookmark,0,1
colin,0,1
initiate,1,0
membership,1,2
billy,1,0
illness,2,0
ten,13,1
wordcollect,0,1
westshore,1,0
hwd,1,0
heartsnot,1,0
downstem,1,0
actin,1,0
zoe,1,1
subscribed,0,3
cnl,0,1
polys,0,8
nw,5,0
urgh,1,0
monster,1,0
monthlysubscriptionpmsg,0,1
likingbe,1,0
cruisin,1,0
aclpm,0,2
ramen,1,0
lifting,1,0
listener,1,0
cncl,0,1
ghodbandar,1,0
sandiago,1,0
eighth,2,0
wear,5,0
mina,1,0
xafter,0,1
ull,6,0
ireneere,1,0
called,32,1
spain,1,0
truble,1,0
mark,8,0
num,6,0
frogaxel,0,1
hoody,0,1
missing,26,1
associate,1,0
youmoney,1,0
sort,11,1
push,4,0
rahul,1,0
xavier,3,0
kodstini,1,0
management,3,0
cheery,1,0
prayingwill,1,0
wkentp,0,2
easter,1,1
sayin,1,0
borrow,2,0
stuffwhy,1,0
twelve,3,0
whisper,1,0
poured,1,0
eviction,1,0
saved,4,0
several,2,0
lap,1,0
evr,2,0
restaurant,2,0
woulda,2,0
rofl,3,0
usf,11,0
cake,4,0
wj,0,2
apologetic,1,0
waqt,1,0
wwwshortbreaksorguk,0,1
taken,2,0
si,22,0
previously,0,3
think,132,14
loyalty,0,7
fine,45,0
regarding,3,0
drms,1,0
bomb,1,0
raised,1,0
herlove,2,0
stopbcm,0,1
ammo,1,0
expiredso,1,0
violence,3,0
parentsi,1,0
player,9,12
loverboy,6,0
shopwe,1,0
qing,1,0
friend,89,16
deepest,0,1
latelyxxx,1,0
poly,0,18
waitu,3,0
msgå£rcvd,0,1
gower,1,0
gray,1,0
shall,29,0
sday,1,0
retired,1,0
angry,18,0
doug,1,0
keeping,6,0
code,1,29
thmarch,0,1
moneyi,1,0
changed,6,1
vidnot,1,0
reservation,1,0
gyno,1,0
outfit,1,0
rally,0,4
wwwtextcomp,0,2
invoice,1,0
detailsi,1,0
poking,1,0
nagar,2,0
silly,1,0
lst,2,0
ban,1,0
anything,73,0
inconsiderate,2,0
calloptoutj,0,1
prakasamanu,1,0
birthday,35,1
itcould,0,2
lie,5,0
chatlines,0,1
compliment,1,0
mutation,1,0
starwars,0,3
st,23,30
franyxxxxx,1,0
hurricane,1,0
warning,2,0
march,13,0
welli,1,0
na,96,10
parkph,1,0
hogolo,1,0
sorrow,2,0
delayed,1,0
doc,7,0
itxt,1,0
per,13,46
macha,1,0
cramp,3,0
ger,1,0
set,19,1
tsandcs,0,2
noline,0,5
em,9,1
anyones,1,0
child,9,4
iåõm,4,0
self,6,2
hmmmhow,1,0
suganya,1,0
numberpls,1,0
pongal,3,0
elama,1,0
canary,0,2
steak,1,0
affection,4,0
judgementali,1,0
terrorist,2,0
dagood,1,0
finn,1,0
wondering,9,0
aslamalaikkuminsha,1,0
kvb,1,0
master,4,0
ak,1,0
rodds,0,1
camera,3,33
vic,1,0
thisdon,1,0
occupy,2,0
intend,1,0
cave,1,0
education,1,0
definitely,5,1
evaluation,1,0
ratetcs,0,2
chex,1,0
conference,1,0
lucky,9,8
bloke,3,1
maggi,1,0
cum,9,5
wtf,4,0
without,28,0
lololo,1,0
non,1,0
hunonbus,1,0
normally,3,0
yesmum,1,0
lying,1,0
funky,1,1
loxahatchee,2,0
mathews,1,0
tallent,1,0
aiyah,6,0
muchimpede,1,0
huh,20,0
lolnice,1,0
stapati,1,0
å£minmobsmorelkpoboxhpfl,0,1
videophones,0,5
ave,5,3
bahamas,0,4
youwhen,1,0
main,2,0
hook,5,0
parentnot,1,0
exhibition,1,0
realised,1,0
mallika,1,0
grave,2,0
bitch,4,1
cin,1,0
doctor,10,0
nz,1,0
outage,2,0
paid,6,1
pin,5,1
cuz,7,0
funeral,2,0
algebra,1,0
everyday,2,0
gained,1,0
later,134,0
mnths,0,2
howda,1,0
callertune,10,0
stocked,1,0
seem,3,1
ofcourse,1,0
dado,1,0
rgds,0,1
potential,2,1
hrishi,2,0
opportunitypls,1,0
ab,0,1
fujitsu,2,0
century,1,0
abeg,1,0
thatmum,1,0
semester,12,0
mental,2,0
suppose,2,0
situation,10,0
thru,7,0
sindu,1,0
bar,3,0
fault,6,0
svc,0,1
yi,1,0
slacking,1,0
rejected,1,0
shell,6,0
leasttimes,1,0
fact,10,1
invnted,3,0
priority,1,0
game,13,25
daylove,1,0
jump,1,0
soil,1,0
proove,1,0
cheered,1,0
charles,2,0
laready,1,0
islove,1,0
cc,0,6
shah,1,0
tshirt,1,0
dreamz,1,0
dang,1,0
buffy,0,1
sore,4,0
want,183,30
couldnt,5,0
railway,3,0
play,20,18
strt,0,1
argh,3,0
base,2,0
generally,3,0
frndship,5,0
stuffmoro,1,0
nitetell,1,0
among,1,2
renewing,0,1
reply,43,103
yesterday,20,3
opposed,1,0
wamma,0,1
morningtake,1,0
twinks,0,1
enemy,5,0
gate,1,0
coldheard,1,0
timin,1,0
pray,8,0
jiu,5,0
opportunityall,1,0
euro,0,8
mad,4,2
portal,1,0
voda,0,5
genuine,0,3
hi,117,16
full,21,0
ron,4,0
imprtant,1,0
huai,1,0
enter,3,10
ironing,1,0
slaaaaave,1,0
prepaid,2,0
deer,1,0
tat,6,0
supreme,1,0
showr,1,0
maxmins,0,6
beverage,1,0
guilty,3,0
cooky,2,0
flea,1,0
tried,5,17
tattoo,0,1
wuld,2,0
victor,1,0
realy,5,0
cps,1,0
understanding,4,0
jenny,2,0
dai,6,0
izzit,7,0
snap,0,1
ofsi,1,0
cleaning,4,0
chrgdp,0,1
lipo,1,0
hhahhaahahah,1,0
cheat,2,0
boring,5,0
jia,2,0
fired,1,0
priest,1,0
receivea,0,2
august,1,2
snowman,2,0
callså£minmobsmore,0,1
fifteen,4,0
minecraft,1,0
graduated,1,0
avenge,1,0
ranjith,3,0
rest,9,0
tuition,4,0
fb,6,0
yer,0,4
dress,3,0
keen,1,0
alian,1,0
taste,2,0
unbreakable,0,2
mom,21,0
problemi,1,0
immediately,5,5
pest,1,0
greatly,1,0
neglect,1,0
filled,2,0
peep,1,0
nobut,1,0
shun,1,0
thout,1,0
kickboxing,1,0
helpline,0,2
shivratri,1,0
thandiyachu,1,0
baaaaaaaabe,1,0
address,17,4
bowl,5,0
girlie,1,0
golf,0,1
shipping,3,0
grown,1,0
careless,1,0
throw,5,0
olave,1,0
showing,7,0
petrol,2,0
simpson,0,1
contract,2,4
building,3,0
cya,1,0
rd,10,0
thrurespect,1,0
shadow,1,0
must,22,5
wwx,0,4
ppl,4,0
eerulli,1,0
bowa,1,0
privacy,1,1
village,3,2
aj,0,2
low,2,0
sticky,1,1
giggle,1,0
nudist,1,0
fooled,1,0
yowifes,1,0
bawling,1,0
necesity,1,0
screwd,1,0
stalking,1,0
collect,5,22
cali,2,0
messageno,3,0
icky,1,0
biggest,1,3
cn,3,0
lock,3,0
lecturer,1,0
short,10,0
ìï,52,0
crucial,1,0
accidant,1,0
teeth,2,0
sub,3,10
surprised,4,0
detroit,1,1
passion,0,1
evry,2,0
irritates,2,0
haventcn,1,0
err,1,0
gb,0,7
blu,0,2
kkwhat,1,0
guide,6,0
amongst,2,0
h,1,0
starting,5,4
deary,1,0
shipped,2,0
calldrove,1,0
somerset,1,0
heavy,7,0
family,21,0
modelsony,1,0
body,5,0
advising,1,0
fringe,2,0
nitros,2,0
completing,1,0
pant,1,0
passthey,1,0
ritten,1,0
tocallshall,1,0
impress,1,0
craigslist,1,0
unkempt,0,2
outta,4,0
poboxowwq,0,1
ghost,0,2
wood,0,1
arrival,1,0
receive,5,33
nookii,0,1
albi,1,0
everyboy,1,0
uup,1,0
sleepingwith,0,1
sweetie,2,0
loud,3,0
walkabout,1,0
differbe,1,0
argentina,1,0
responsibility,3,0
max,1,0
la,7,2
pale,2,0
cwwx,0,4
favorite,2,0
headstart,1,0
oic,3,0
carton,1,0
mittelschmertz,1,0
wwwcashbincouk,0,1
e,78,7
smsshsexnetun,0,1
failure,1,0
tick,6,0
apology,1,0
din,8,0
cinema,5,3
beneficiary,2,0
ibored,1,0
field,2,0
jogging,2,0
slowly,11,0
ultimatum,2,0
shud,1,0
theyre,7,1
kaypoh,1,0
dearloving,1,0
calloptoutjq,0,1
anyhow,1,0
belovd,4,0
coffee,7,0
religiously,1,0
worst,2,0
supplier,0,1
package,3,1
carente,1,0
everything,29,0
sterling,1,0
great,100,11
stterms,0,1
gmgngegn,3,0
wth,1,0
shade,1,0
pocket,1,0
nah,10,0
sleeping,17,0
scold,2,0
cosign,1,0
wkg,3,0
decimal,2,0
hunk,0,1
dayhas,1,0
boat,3,0
collecting,3,0
laxinorficated,1,0
shining,2,0
significant,1,0
persevered,1,0
lonely,3,1
converted,1,0
annoyin,1,0
crickiting,1,0
tulsi,1,0
expiry,0,1
reckon,2,0
truth,11,0
wonderful,15,0
tomeandsaidthis,2,0
cold,6,0
wrench,1,0
approve,1,0
youkwhere,1,0
pptxnormal,0,1
grumble,1,0
voicemail,0,3
meh,9,0
whenre,1,0
book,20,5
gotto,0,1
opened,1,0
dhoni,1,0
dobbys,1,0
callback,0,3
wwwringtonescouk,0,4
front,2,0
factory,1,0
breathing,1,0
snatch,1,0
acc,4,0
frwd,1,0
lemondayno,1,0
sarcasm,2,0
woman,6,2
wing,0,1
sw,0,4
shortage,3,0
basket,1,0
tron,1,0
apparently,4,0
youdearwith,1,0
ûò,9,0
ultimate,0,1
karo,1,0
sentiment,1,0
educational,2,0
poboxntf,0,1
temper,1,0
mo,8,0
viveki,1,0
colany,1,0
lark,1,0
moro,2,1
jungle,1,0
defeat,2,0
budget,6,0
ajith,1,0
thesmszone,0,1
advance,6,0
utter,2,0
sao,1,0
holding,7,0
beyond,3,0
cappuccino,2,0
pose,1,0
tallahassee,1,0
rose,8,1
experiment,1,0
bsnl,1,0
motivate,1,0
chg,0,1
miracle,7,0
sm,18,26
workand,1,0
lyric,1,0
cousin,2,0
callingforgot,1,0
drawplease,0,1
dorm,2,0
winner,0,16
coin,6,0
live,17,29
lido,3,0
stayed,2,0
rsi,1,0
videochat,0,5
goodmorning,14,0
boooo,1,0
liverpool,0,3
exterminator,1,0
overtime,1,0
hamper,1,0
technical,3,0
remove,6,4
wap,0,10
gas,13,0
chikkugoing,1,0
newscaster,1,0
roadsrvx,1,0
fedex,1,0
salespee,1,0
delicious,1,0
thangamits,1,0
stayin,2,0
cop,0,1
bakra,1,0
taxi,2,0
wrki,1,0
hesitate,1,0
galcan,1,0
ubi,2,0
famamus,1,0
australia,0,1
shitjustfound,1,0
acwicmbcktzr,0,1
lonlines,1,0
unbelievable,2,0
team,4,3
figuring,1,0
comei,1,0
plaza,2,0
blur,2,0
lost,11,2
dent,1,0
zealand,1,0
orstoptxt,0,3
itor,1,0
pending,2,0
cbe,5,0
hitman,1,0
pthis,1,0
spam,0,1
hurry,6,1
freemessage,0,1
oficegot,1,0
warming,1,0
applyed,1,0
hour,46,6
sinco,2,0
shanilrakhesh,1,0
maybe,29,2
sweater,1,0
muht,1,0
corect,1,0
lambu,1,0
teluguthts,1,0
audiitions,1,0
renewal,1,1
explicit,0,2
der,1,0
category,1,0
citylink,1,0
bra,1,0
answerin,1,0
norcorp,0,1
peaceful,2,0
proper,1,0
maangalyam,2,0
find,51,23
held,1,1
desire,2,0
tape,3,0
bandage,1,0
kalstiyathen,1,0
engagement,1,0
like,232,13
xyour,0,1
sat,27,2
cumin,0,1
okok,3,0
gim,3,0
joke,10,0
kidz,4,0
everyones,1,0
ipod,0,12
officethenampet,1,0
strtd,1,0
upcharge,1,0
sic,0,1
lotsly,1,0
alertfrom,0,1
wrking,1,0
msgrcvd,0,1
fatty,1,0
wwwareyouuniquecouk,0,1
sometimerakheshvisitor,1,0
port,1,0
banter,1,0
z,1,1
craving,1,0
caveboy,1,0
itwhichturnedinto,2,0
outdoors,1,0
becausethey,0,1
ler,0,1
herethanksi,1,0
infection,2,0
inconvenience,1,0
authorise,1,0
pic,12,21
jewelry,1,0
asap,4,6
gam,1,0
suzy,1,1
strip,1,1
ericsson,2,0
pickle,2,0
filthyguys,0,1
nyc,4,0
gigolo,0,1
korean,1,0
worse,7,0
hen,1,0
speedchat,0,2
homebut,1,0
stair,1,0
classic,0,1
pathaya,1,0
hep,1,0
paul,1,0
haiz,3,0
enufcredeit,1,0
sux,2,0
donåõt,5,0
sleepy,2,0
sack,1,0
dint,6,0
confirmed,3,0
velly,1,0
wwwmovietriviatv,0,2
lit,1,0
jacuzzi,1,0
thousand,1,1
skillgamewinaweek,0,1
predicte,1,0
silver,2,0
stable,1,0
sarcastic,2,0
chatim,0,1
taking,17,1
mood,8,0
iron,1,0
dedicate,2,0
exeter,2,0
ofice,1,0
secured,0,1
tiger,0,1
surname,1,0
grazed,1,0
dip,1,0
scraped,1,0
ollubut,1,0
brandy,2,0
ext,1,0
gm,2,0
isnåõt,1,0
zahers,1,0
surrender,1,0
ssi,1,0
pisces,1,0
fix,6,0
elephant,1,0
pmsgp,0,2
survey,1,1
kick,7,3
pod,0,4
hostbased,1,0
crucify,1,0
lmao,6,0
hank,1,0
jot,1,0
suddenly,1,0
jaklin,1,0
tmorrowpls,1,0
flavour,1,0
princess,32,0
ctter,1,0
janx,1,0
hppnss,2,0
still,146,7
firesare,1,0
termsapply,0,1
monkey,3,0
urgoin,1,0
bbdeluxe,0,1
sensitive,2,0
stu,1,0
lifethis,1,0
sprint,1,0
afghanistan,1,0
btooth,0,2
upgrdcentre,0,1
dresser,3,0
long,42,0
specially,0,9
fowler,1,0
maga,3,0
nottel,1,0
searching,5,0
callin,3,0
conversation,1,0
c,60,37
handing,1,0
harry,0,2
flat,5,0
heartgn,2,0
forevr,3,0
gre,1,0
easy,18,13
shame,4,0
ovarian,1,0
shoranur,1,0
premier,0,2
vote,4,1
dessert,1,0
wherever,6,0
earn,2,0
kkwhy,2,0
much,112,1
outbid,0,1
frm,11,0
videopic,0,1
adi,1,0
macedonia,0,1
impossible,3,0
onlyfound,1,0
history,3,0
morrowxxxx,1,0
hoop,1,0
pmtmsg,0,2
juicy,3,0
zac,1,0
buying,9,0
nosy,1,0
sameso,1,0
mu,15,0
eggpotato,1,0
xnet,0,1
sooner,4,0
seat,3,0
amp,82,0
nigpun,1,0
sian,2,0
steering,1,0
follows,0,1
sentence,3,0
ahthe,1,0
dem,4,0
irritating,3,0
reset,1,0
enuff,3,0
seeing,14,0
epi,1,0
threat,1,0
addamsfa,0,2
darkness,1,0
studying,9,0
unicef,0,1
forced,1,0
ig,0,1
ppermesssubscription,0,2
wenever,1,0
celebrate,4,0
wwwregalportfoliocouk,0,1
plural,1,0
surya,1,0
alex,7,0
convince,1,0
darling,5,2
barmed,1,0
permanent,1,0
bhaskar,1,0
dirt,1,0
fake,1,0
blocked,1,0
replying,2,6
sexy,12,15
ltd,0,15
ken,0,1
resuming,1,0
uniform,1,0
university,3,0
rupaul,1,0
swashbuckling,1,0
callsmessagesmissed,3,0
pendent,1,0
sender,0,1
staff,2,0
dying,1,0
welcome,6,10
phil,1,0
explicitly,1,0
weddin,1,0
bathing,4,0
contains,1,0
blonde,0,2
wun,7,0
honeybee,3,0
traffic,2,0
freenokia,0,1
flag,0,9
yuo,4,0
noise,1,0
garbage,2,0
li,1,0
friendofafriend,1,0
rto,1,0
pixel,1,0
hui,1,0
wrongtake,1,0
told,53,0
woke,10,0
cst,0,1
particularly,1,0
ahold,1,0
brin,1,0
chapter,1,0
annie,2,0
boxqu,0,3
chapel,1,0
honi,1,0
kusruthi,4,0
topic,1,0
admin,2,0
eldest,1,0
mrt,9,0
wrld,1,0
walsall,1,0
show,26,35
tex,1,0
distance,3,0
sariyag,1,0
maintaining,1,0
sorryin,2,0
shirt,7,0
prominent,1,0
lkpoboxhpfl,0,1
aproach,2,0
nri,1,0
dayu,3,0
earlierwe,1,0
woah,1,0
pass,0,1
dine,1,0
bajarangabali,1,0
warner,1,2
champ,1,0
messenger,3,0
jolly,2,0
ktv,1,0
ym,5,0
coccooning,1,0
spider,0,1
limited,1,0
shop,13,6
prin,1,0
however,7,1
performance,1,0
likeyour,1,0
beendropping,1,0
ageppermesssubscription,0,1
band,0,1
suitemates,1,0
yijuehotmail,1,0
kkcongratulation,1,0
robinson,1,0
christmas,11,1
persondie,1,0
accept,9,0
abuser,1,0
deyhope,1,0
dusk,1,0
lovejen,1,0
resort,1,0
dirty,3,1
latr,5,0
posible,1,0
tampa,9,0
officewhats,1,0
aiya,4,0
thatll,2,0
sight,7,0
cougarpen,1,0
nvm,5,0
egg,6,1
fortune,1,0
tookplace,1,0
constantly,3,0
hell,12,0
traveling,1,0
advice,5,0
mn,1,0
yan,5,0
dialling,0,1
replace,2,0
moji,4,0
ûthanks,1,0
sno,1,0
piece,5,0
poop,2,0
askd,12,0
exp,0,1
suite,2,2
edition,1,0
å£å£,0,1
hannaford,1,0
gland,1,0
unsoldnow,1,0
light,15,0
yf,0,1
polyph,0,3
bloomberg,0,4
week,72,62
msgsd,2,0
happens,7,0
hunt,1,0
waiting,36,17
stoptxtstop,0,2
joker,1,0
exit,0,1
sam,2,3
brings,8,1
chick,1,0
disconnected,1,0
secretly,0,2
cat,4,0
todaydo,1,0
flirt,3,4
anyplaces,1,0
boundary,1,0
gudnite,1,0
untamed,0,2
pubcafe,1,0
rtm,1,0
evn,3,0
token,1,0
cup,4,5
alright,23,0
thfebtcs,0,1
keng,1,0
smth,16,0
nipost,1,0
sculpture,1,0
å£month,0,1
flew,1,0
daplease,1,0
landline,2,34
flame,2,0
thanks,61,14
sef,1,0
swing,12,0
motherfucker,1,0
arng,3,0
matter,6,0
vl,7,0
horse,1,0
uphad,1,0
asshole,1,0
complete,7,1
gbpweek,0,3
quit,4,0
blacko,1,0
senrddnot,1,0
leadership,0,1
houseful,1,0
celeb,0,3
thinl,1,0
messageits,4,0
irritation,1,0
fne,1,0
truffle,2,0
rocking,1,0
lucyxx,1,0
john,12,0
replacement,2,0
luvs,2,0
pear,1,0
sweetheart,2,0
guess,32,7
meetitz,1,0
weighthaha,1,0
fetch,6,0
wellyou,1,0
jam,1,0
await,1,19
amx,1,0
terrific,2,0
gentle,5,0
zyada,1,0
strict,1,0
shesil,3,0
cashbalance,0,7
smart,2,1
youåõre,1,0
ali,1,0
goodfriend,2,0
tap,2,0
strangersaw,1,0
weekstop,0,2
sumthin,1,0
ethreats,2,0
mileage,1,0
neck,2,0
sac,2,0
refreshed,1,0
dreamlove,1,0
amigo,1,0
dieting,1,0
cheese,2,0
cash,12,62
splleing,2,0
jon,1,0
textpod,0,2
server,1,0
youû÷ll,1,0
srt,1,0
ssindia,1,0
oncall,0,1
olage,1,0
simply,3,3
penny,1,3
nickey,1,0
sun,16,1
smarter,1,0
bari,1,0
å£k,0,2
computer,8,5
affectionsamp,1,0
fifth,1,0
polyp,0,1
hoo,1,0
mobcudb,0,1
rebooting,1,0
price,8,18
whens,4,0
jen,2,0
left,29,1
txtì¼,0,1
shrub,1,0
credited,3,1
fishhead,1,0
uncut,1,0
nat,0,3
travel,3,2
summer,1,9
album,2,0
switch,2,0
argue,4,0
costa,0,7
falling,2,0
swat,0,1
undrstndng,1,0
isare,1,0
toshiba,2,0
via,9,3
rec,1,1
darlinim,1,0
profile,2,0
psms,0,2
xxx,21,12
listening,4,1
gravity,4,0
complimentary,0,12
afford,1,0
smiled,2,0
disturbing,2,0
never,42,1
soul,2,0
speling,1,0
required,1,0
yalrigu,1,0
digital,1,8
jules,1,0
cab,1,0
converter,1,0
ride,5,0
callurgent,1,0
pai,1,0
echo,0,1
ennal,1,0
gran,1,0
thm,3,0
stewartsize,0,1
cooked,2,0
canceled,1,0
stroke,0,1
rumbling,1,0
worldgnun,1,0
death,3,0
ystrdayice,1,0
oblisingately,1,0
papa,1,0
erutupalam,1,0
comukcm,0,1
treble,0,1
stopsms,0,1
president,0,1
familiar,1,0
psychic,0,1
guitar,1,0
fluid,1,0
bot,1,0
ntt,0,10
fit,2,1
close,16,4
wwwsmsacunat,0,2
bunker,1,0
habbahw,1,0
chad,1,0
though,26,0
cell,7,0
bloo,3,0
wordsevry,1,0
imaginationmy,1,0
see,138,19
hectic,1,0
influx,1,0
whatsup,2,0
honest,1,0
clearly,2,0
terrible,3,0
oclock,1,0
chinky,1,0
past,7,0
wet,3,2
announced,1,0
eva,2,0
goody,0,1
goinbed,1,0
perfume,1,0
somewhr,1,0
hypotheticalhuagauahahuagahyuhagga,1,0
å£perwksub,0,2
natalja,0,2
recreation,1,0
popping,1,0
keralacircle,2,0
tree,3,0
twilight,0,2
downon,1,0
gd,16,0
language,2,0
tasts,1,0
painting,2,0
painful,3,0
praps,1,0
cthen,1,0
accident,1,2
plus,18,7
beautifulmay,1,0
yeah,85,1
nmde,1,0
dramatic,1,0
quizwin,0,2
ì,117,0
elliot,1,0
christian,1,0
knowhe,1,0
occurs,1,0
youany,1,0
went,61,0
wwwtxttowincouk,0,2
rudi,1,0
cover,10,0
alle,1,0
meetin,4,0
adoring,2,0
looking,20,9
scoring,0,2
maniac,0,1
click,2,5
staying,9,0
elaine,2,0
apr,0,1
kept,4,3
answering,4,0
ratio,1,0
screen,3,0
offense,1,0
stupidits,3,0
shoulder,1,0
availablei,1,0
news,7,10
priscillas,2,0
young,1,0
symptom,1,0
reverse,2,0
occur,1,0
accomodate,1,0
watchng,1,0
tarpon,1,0
quiz,1,13
ponnungale,1,0
flow,1,0
esaplanade,1,0
developer,1,0
subscriptngbpwk,0,1
hourish,1,0
squid,1,0
browni,1,0
trauma,1,0
astoundingly,1,0
public,4,0
operate,1,0
sacked,1,0
missed,21,2
condition,1,5
style,9,0
avoiding,2,0
nowsky,0,2
usualiam,3,0
wmlidadafirsttrueåác,0,1
nora,1,0
nevering,1,0
tiring,1,0
kip,1,0
ure,10,0
sachin,2,0
gotten,2,0
ripped,0,1
guai,1,0
cutie,1,0
bbdthts,1,0
granted,1,0
shut,3,0
ofå£,0,2
xxxxxxxxxxxxxx,1,0
water,10,0
com,1,0
landing,1,0
flip,2,0
wouldnt,5,0
trav,0,2
okey,3,0
record,3,5
tcrw,0,3
latebut,1,0
recdthirtyeight,0,1
fa,0,4
fish,3,0
alternativehope,1,0
reasonable,2,0
yijue,6,0
nothing,34,4
dinero,1,0
payment,3,0
affair,5,0
mandara,1,0
violated,2,0
verifying,1,0
country,3,4
hadya,1,0
hunting,1,0
weapon,1,0
maintain,3,0
snuggle,1,0
cochin,2,0
wit,15,0
anythiing,1,0
testing,2,0
hunnyhope,1,0
ben,2,1
xam,2,0
thgt,2,0
mouse,1,0
lucozade,0,2
duchess,0,2
floppy,0,1
validhrs,0,3
peak,0,2
option,3,0
tightly,1,0
apps,3,0
ericson,1,0
tram,1,0
executive,3,0
xxxxx,1,1
female,2,1
silent,9,0
busyi,1,0
skye,1,0
cant,118,5
transfer,2,0
earlier,13,0
brotherû÷s,1,0
cm,1,4
slipper,3,0
yoga,7,0
tomorro,2,0
anthony,2,0
senthil,2,0
arguing,1,0
bein,3,0
spice,1,0
er,5,1
sad,21,0
dvd,1,7
wwwbridalpetticoatdreamscouk,0,1
built,1,0
hit,12,3
wall,4,0
calloptoutyhl,0,1
haul,1,0
bundle,0,1
themp,1,0
watched,1,0
monkeespeople,1,0
hmmm,9,0
smartcall,0,1
largest,0,4
ryans,1,0
bunch,1,0
themobhit,0,1
kyou,1,0
invader,0,2
excuse,9,0
gossx,1,0
ditto,1,0
thing,111,3
member,2,8
suck,7,0
ro,1,0
ahead,7,0
howz,6,0
santha,1,0
hilariousalso,1,0
parkin,1,0
failing,1,0
doesnt,26,0
wetherspoons,1,0
parisfree,0,1
footprint,3,0
volcano,1,0
chef,1,0
swalpa,1,0
webadres,1,0
homelove,1,0
subtoitles,1,0
hopeful,1,0
wonder,15,0
notebook,1,0
ref,0,4
sudn,1,0
wheres,8,0
shrek,1,0
cashin,0,7
pool,2,0
feng,1,0
jeremiah,1,0
kdo,1,0
mystery,1,1
waking,5,0
prizeswith,0,1
tix,1,0
underdtand,1,0
nike,1,0
leafdayno,1,0
update,5,19
superb,1,1
spiffing,1,0
time,214,19
literally,2,0
supose,1,0
mile,5,0
rayman,0,1
compare,0,2
revealed,0,5
point,17,16
ho,10,0
rock,12,1
meetins,0,1
ltemailgt,1,0
dey,5,0
slower,0,1
entrepreneur,1,0
vega,2,0
upd,0,2
admission,1,0
mxy,0,2
getstop,0,2
kanagu,1,0
spreadsheet,1,0
bed,32,0
polytruepixringtonesgames,0,1
give,98,7
finish,45,0
vill,1,0
answered,2,0
shake,1,0
cantdo,1,0
hockey,1,1
homewot,1,0
cl,1,0
watevr,1,0
figure,12,0
egf,0,1
g,18,11
laughing,4,0
miltazindgi,1,0
nooooooo,1,0
misfit,1,0
mt,2,0
wherres,1,0
happenin,1,0
evrey,2,0
godi,4,0
owned,1,0
homeleft,1,0
wu,0,3
wesley,2,0
avatar,3,0
toothpaste,1,0
boxcpm,0,1
jos,1,0
barrel,1,0
employer,1,0
truck,2,0
endowed,1,0
rang,3,0
galsu,1,0
v,48,5
angel,1,0
shld,3,0
didntgive,1,0
since,25,2
implication,1,0
mess,2,0
string,0,1
vodka,3,0
rebel,1,0
annoncement,0,1
draw,5,39
netcollex,0,4
plum,1,0
mquiz,0,1
bangb,0,1
latei,1,0
lik,5,0
liked,7,0
working,29,0
psp,0,1
kappa,2,0
difference,3,0
tessypls,3,0
heat,1,0
telephone,1,1
emigrated,1,0
common,5,0
kavalan,2,0
free,59,219
fund,0,1
ppm,0,44
sooooo,2,0
twittering,1,0
pmeg,0,1
type,15,1
wed,10,1
meremove,1,0
onluy,1,0
mmsto,0,1
ukmobiledate,0,1
xxxxxx,0,2
hmmmstill,1,0
tonitethings,1,0
vivek,1,0
mca,2,0
conduct,2,0
character,7,0
intha,1,0
profit,1,3
gopalettan,1,0
chinatown,1,0
swimsuit,1,0
pudunga,1,0
trouser,1,0
objection,1,0
wantcome,1,0
dose,1,0
magicalsongsblogspot,1,0
joining,2,0
nit,2,0
build,2,0
dileepthank,1,0
poo,1,0
desert,2,0
smashed,1,1
drpd,2,0
saturday,9,7
nobbing,1,0
wellda,1,0
ee,2,0
although,2,0
none,8,0
den,32,0
wwwidew,0,2
speak,23,10
slippery,1,0
londn,1,0
feed,1,0
browsin,1,0
t,0,3
hopefully,5,0
processed,1,1
belong,1,0
bcum,1,0
reason,18,0
anand,1,0
shocking,2,0
defer,1,0
vikkyim,1,0
stressed,1,0
starving,1,0
remet,1,0
helpp,0,3
mecause,1,0
locaxx,1,0
alaikkumpride,1,0
wait,57,2
andres,1,0
lakh,1,0
anythingtomorrow,1,0
messagepandy,1,0
panther,0,1
transcribing,1,0
crazy,10,5
died,5,1
thatd,1,0
replybe,1,0
itnow,1,0
dear,97,16
resizing,1,0
remind,5,0
cust,0,4
pity,1,0
gamestar,0,2
stadium,0,1
tuth,1,0
jez,1,0
canlove,1,0
art,5,0
who,10,0
iouri,3,0
wmlidbaeceffffirsttruejul,0,1
ikea,3,0
slo,0,1
round,8,1
speed,2,1
way,100,1
habit,2,0
inspection,1,0
wifedont,1,0
havnt,4,0
rubber,1,0
respect,3,0
goodtimeoli,1,0
staring,2,0
manage,2,0
yuou,1,0
try,42,6
progress,1,0
yup,43,0
winawk,0,1
brothas,3,0
specific,2,0
perform,1,0
keypad,1,0
tonite,8,0
hurried,2,0
clip,0,1
yeshere,2,0
hillsborough,1,0
happened,16,0
violet,0,2
broadband,1,0
scorable,1,0
ga,1,0
bloodblood,2,0
down,1,0
read,14,1
ikno,1,0
reality,1,2
wwwclubzedcouk,0,1
ey,2,0
hollalater,1,0
anonymous,0,1
september,1,0
pours,2,0
ton,1,1
gee,5,0
kim,1,0
priceso,1,0
rugby,1,0
anniversary,2,0
auntie,1,0
karaoke,2,1
hmmbad,1,0
cttargg,1,0
certificate,1,0
purpleu,1,0
thatû÷s,3,0
skin,0,1
improved,0,2
heygreat,1,0
lt,6,0
regard,6,1
hisher,1,0
positive,1,0
pap,2,0
renewed,0,1
parchi,1,0
godtaken,1,0
guaranteed,0,50
escape,4,0
impressively,1,0
toledo,1,0
idconvey,1,0
mix,0,3
cleared,3,0
somethin,5,0
lage,1,0
ok,272,5
hasnt,5,0
thesis,2,0
series,4,0
mini,2,1
itleave,2,0
view,1,0
yelowi,1,0
cupboard,1,0
booked,10,0
ques,2,0
correctionor,1,0
coulda,1,0
challenging,1,0
academic,2,0
fiting,1,0
revealing,1,0
loooooool,1,0
ray,5,0
kickoff,0,2
withdraw,1,0
glad,9,1
named,2,0
textbuddy,0,2
dime,2,0
entered,5,6
parked,3,0
unfolds,1,0
poboxldns,0,1
starring,1,0
misplaced,1,0
fondly,1,0
jokethet,1,0
intimate,1,0
occasion,1,0
sry,2,0
weekday,1,0
entey,1,0
naseeb,1,0
lab,4,0
ground,2,0
havin,2,1
tigress,1,0
getting,46,4
freaked,1,0
khelate,1,0
kkhow,4,0
ltgt,276,0
chip,2,0
midnight,6,1
burial,1,0
social,5,0
definitly,1,0
luxury,1,2
log,7,7
hellohow,1,0
uso,1,0
sorrowsi,1,0
inst,1,0
raise,4,0
acid,1,0
closer,4,0
gravel,0,1
bike,1,0
oooooh,1,0
waht,2,0
enketa,1,0
arpraveesh,1,0
wwwrtfsphosting,0,1
individualtime,1,0
housewife,0,2
voted,1,0
fucking,15,0
edge,1,0
athletic,1,0
ntswt,1,0
wc,0,1
jason,3,0
something,68,0
xin,1,0
husband,3,0
neway,1,0
natuition,3,0
cme,2,0
hav,26,0
finally,14,1
south,8,0
takin,4,0
buttheres,1,0
fifa,0,1
ask,88,0
godid,1,0
adventure,2,0
nothin,2,0
spoon,2,0
problembut,1,0
alwa,1,0
matched,0,1
samantha,1,0
ana,1,0
kaila,1,0
came,26,1
otherwise,10,0
uv,1,0
sen,3,0
loses,3,0
therell,1,0
quite,34,0
frequently,1,0
identification,1,0
video,2,30
unredeemed,0,16
snake,3,0
inviting,0,6
ni,12,0
babygoodbye,0,1
apo,1,0
idk,4,0
complaint,2,0
ahwhat,1,0
stuff,43,1
eventually,1,0
blowing,1,0
helloooo,2,0
washob,1,0
bluff,2,0
latest,3,37
heard,8,3
caring,3,0
fab,2,0
landmark,0,1
breather,1,0
dub,1,0
together,21,0
bathe,10,0
apt,1,0
tear,8,0
tht,9,0
syd,1,0
trainners,1,0
bellearlier,1,0
alrightokay,1,0
unintentionally,1,0
toolets,1,0
careinsha,1,0
spark,1,0
flower,4,3
mango,1,0
necessary,2,0
successfully,3,0
fro,1,0
toa,3,0
purpose,0,4
statement,2,16
passionate,4,0
orno,0,1
whn,2,0
noits,1,0
nonenowhere,1,0
dayfind,0,2
juz,25,0
sized,1,0
distract,2,0
shelf,3,0
sweet,35,0
mcflyall,0,1
shoppin,2,0
pig,4,0
hmmmkbut,1,0
paru,1,0
project,15,0
interviw,1,0
natalie,0,1
noi,2,0
reltnship,1,0
tsunami,2,1
register,1,2
file,8,0
orange,3,28
pushbutton,0,1
courage,2,0
quitting,1,0
hurting,2,0
dressed,2,0
snoringthey,1,0
moviewat,1,0
nimyapls,3,0
wish,58,2
normptone,0,6
subsequent,0,1
playerwhy,1,0
possibility,1,0
pan,2,0
laidwant,0,1
kbut,1,0
campus,6,0
yohere,0,1
split,1,0
scotland,2,1
saidif,2,0
nowadayslot,1,0
honey,7,0
maraikara,1,0
phoned,2,0
amk,1,0
sar,2,0
clas,1,0
woul,1,0
birth,3,0
varaya,1,0
kafter,1,0
slide,1,1
snowboarding,1,0
tune,0,1
cost,12,26
loveme,2,0
wheellock,1,0
virtual,1,0
lunch,45,0
vaguely,1,0
armands,1,0
calloptouthf,0,1
merry,9,0
ibiza,0,4
asda,1,0
qatarrakhesh,1,0
mum,19,0
lotr,1,2
pmin,0,26
boxskch,0,2
wasnû÷t,1,0
sorta,1,0
promo,0,2
sif,1,0
blog,1,0
hudgi,1,0
ava,1,0
spell,3,0
dontcha,0,1
etc,6,7
flash,3,0
weve,4,0
tata,1,0
twat,1,0
aretaking,1,0
morning,78,0
sunscreen,1,0
fightng,3,0
sneham,1,0
atrocious,1,0
sha,4,0
grumpy,1,0
charlie,1,0
cocksucker,1,0
relocate,1,0
say,118,0
tease,3,0
notification,0,1
restriction,0,1
coach,1,0
plane,5,0
admirer,0,10
cro,0,1
probs,2,0
sirsalam,1,0
desparately,1,0
forgiveness,1,0
pissed,5,0
minapn,0,1
lanka,1,0
dat,42,0
blind,0,2
feeling,19,2
unfortunately,2,0
akonlonely,0,1
grownup,1,0
attention,1,0
heroi,1,0
onit,1,0
arise,1,0
stuffed,1,0
forget,16,2
released,3,1
makiing,1,0
trained,0,1
lorwe,1,0
sortedbut,1,0
tc,2,50
siguviri,1,0
diskyou,1,0
coming,50,0
vip,0,4
receiving,2,2
glass,1,0
pizza,8,0
recycling,1,0
jamz,0,1
nqp,0,1
rhythm,2,0
billion,2,0
abta,0,3
essay,1,0
dlf,1,0
year,65,13
bloodsend,4,0
jp,1,0
txtauctiontxt,0,2
dunno,31,0
nahi,2,0
scratch,1,0
ummmmmaah,3,0
wwwphb,0,1
msgsubscription,0,1
network,4,27
aå£,0,1
jenne,1,0
prebook,0,1
raksha,1,0
granite,0,2
plyr,0,1
tirupur,3,0
offered,1,0
lac,1,0
double,5,18
cruise,1,2
sumfing,1,0
xxxxxxx,1,3
everyso,1,0
wereare,1,0
watll,1,0
reformat,1,0
andre,1,0
belive,2,0
chennaibecause,1,0
soo,2,0
comfort,1,0
bblue,0,1
sorryi,1,0
wihtuot,2,0
winning,3,0
shakara,1,0
attach,1,0
tea,6,0
online,22,0
transferred,0,1
surprise,7,5
ringsreturn,0,1
occupied,1,0
spelled,1,0
imposed,1,0
shes,29,0
nokiap,0,1
mumtaz,2,0
shaved,1,0
virgin,1,2
summon,1,0
promise,12,0
werent,1,0
rael,2,0
comedycant,1,0
playng,1,0
espell,1,0
supportproviding,1,0
dec,1,0
meummifyingbye,1,0
outside,15,0
varma,1,0
petrolrs,1,0
tirunelvai,1,0
greatness,1,0
ignoring,1,0
stability,1,0
needle,1,0
mcat,2,0
nikiyunet,0,1
appropriate,1,0
necessity,1,0
yavnt,1,0
chennai,13,0
random,5,0
there,25,4
zero,1,0
hun,3,0
abiola,11,0
ayo,1,0
disc,1,0
marandratha,1,0
prepayment,0,2
alreadysabarish,1,0
lag,2,0
enjoyin,1,0
length,2,0
hugging,1,0
nvq,1,0
row,4,1
durban,2,0
print,2,0
crashing,1,0
weekend,27,13
wi,1,0
sister,18,0
east,2,0
toughest,1,0
wkly,0,14
soiree,1,1
easiest,1,0
wordstart,0,2
shaking,1,0
av,2,0
pre,1,0
todaysundaysunday,3,0
january,6,1
hm,3,0
mj,1,0
idc,1,0
taco,2,0
weåõve,1,0
lara,1,0
sleepingand,3,0
shortly,1,3
itll,1,0
lim,1,0
problematic,1,0
thts,4,0
effect,4,0
thnk,7,0
serena,1,0
updatenow,0,2
mcr,1,0
boxm,0,1
honeydid,1,0
bun,5,0
consistently,1,0
mutai,1,0
presence,0,1
drama,1,0
answer,18,8
actual,2,0
flaky,2,0
bimbo,1,0
overemphasiseor,1,0
amanda,0,1
womdarfull,1,0
auto,3,0
bbc,0,1
jiayin,2,0
aeroplane,2,0
continued,0,1
disastrous,1,0
ugh,12,0
alfie,0,3
kkthis,1,0
rodger,0,1
lou,2,0
peripheral,1,0
choose,7,10
urgnt,5,0
sony,1,8
atlast,2,0
continue,2,0
comedy,3,0
ptext,0,1
auction,1,16
collection,0,26
competition,2,3
satisfy,0,2
chasing,2,1
gumbys,1,0
hospital,12,0
oi,2,0
dammit,1,0
sary,2,0
daysso,1,0
boyy,1,0
took,19,0
holiday,12,32
nte,1,0
dayexcept,1,0
nattil,1,0
phd,1,0
fails,2,0
musthu,2,0
lighter,1,0
barbie,0,1
treat,17,0
lose,20,1
tue,1,0
natural,4,0
wk,7,16
dload,0,5
ive,73,1
timehope,1,0
sr,1,0
qet,1,0
active,0,2
restock,1,0
sayy,1,0
quote,4,1
appear,1,0
deleted,4,0
least,13,0
picking,12,0
benefit,1,1
taunton,4,0
bx,0,6
moral,5,0
toot,2,0
peteynoiåõm,1,0
da,132,1
decide,9,0
thnx,1,0
tahan,2,0
ringtoneget,0,2
youso,1,0
kissing,1,0
nationwide,1,0
walked,3,0
dogging,0,11
rgent,0,1
yr,9,20
ae,0,4
garden,0,2
ru,5,0
tmw,1,0
missionary,1,0
official,1,5
breakfast,1,0
thy,2,0
hut,1,0
starti,1,0
specialise,1,0
raed,2,0
matrix,0,3
golden,1,0
kama,1,0
merely,1,0
mid,5,2
platt,1,0
kent,2,0
hold,14,0
packing,1,0
console,0,2
hurt,30,0
voila,1,0
sunroof,1,0
preview,1,0
conveying,1,0
fall,8,1
thatnow,1,0
class,45,2
aah,3,0
attend,4,0
nottingham,1,0
overdose,1,0
responcewhat,3,0
meso,1,0
dental,1,0
lool,1,0
royal,2,0
fumbling,1,0
admit,1,0
messagethanks,0,1
dinner,35,0
upset,2,0
oreo,3,0
shracomorsglsuplt,0,2
unconsciously,1,0
useful,2,0
frosty,1,0
leave,53,2
havent,45,1
aunty,4,0
gf,2,0
selflessness,1,0
mb,2,0
gay,3,6
cafe,5,0
rpl,0,1
standard,0,6
ish,12,0
dirtiest,0,1
mobno,0,2
restwish,1,0
healer,1,0
deposited,1,0
fold,1,0
eg,0,12
talk,42,5
ladiesu,0,1
bettersn,1,0
email,17,2
stopcost,0,1
leu,1,0
hoping,10,0
mrur,1,0
browser,1,0
abdomen,1,0
headset,0,1
nearly,2,1
asia,1,0
rounderso,1,0
compass,1,0
act,1,0
path,2,0
shakespeare,1,0
accidentally,4,0
knackered,3,0
word,34,22
requires,1,0
ohas,1,0
onlinewhy,1,0
maat,1,0
prefer,3,0
arrived,1,0
note,5,0
kbsubject,0,1
strain,1,0
brand,2,4
mega,2,1
mitsake,2,0
slow,10,1
unclaimed,0,1
auctionpunj,1,0
yould,1,0
cheque,1,0
geva,2,0
running,5,1
exorcist,0,2
stock,5,0
noble,1,0
owl,1,0
partner,1,5
plenty,6,0
tog,3,0
headû,1,0
thkin,1,0
hmmmy,1,0
messagesome,2,0
massagetiepos,1,0
fishrman,1,0
theregoodnight,1,0
science,2,0
resubmit,0,1
knowing,3,0
carefully,4,0
mrw,5,0
bognor,1,0
reflection,1,0
sport,2,7
parco,2,0
weed,8,0
ccpmin,0,1
hill,5,0
prakasam,1,0
killing,2,0
surgical,1,0
poorly,1,0
mineall,1,0
period,3,0
jazz,5,0
upload,1,2
pt,0,2
charge,13,12
knew,12,0
vibrant,1,0
needed,3,0
phasing,1,0
soso,1,0
hgsuitelands,0,8
commit,1,0
capacity,1,0
jaya,2,0
hiding,1,0
cap,1,0
tcsc,0,1
anderson,1,0
waythis,1,0
nervous,1,0
morphine,3,0
shant,1,0
trishul,1,0
chuckin,1,0
sportsx,1,0
intention,2,0
wud,2,0
gain,2,0
mytoneenjoy,0,1
meet,74,6
nìâte,1,0
nowonion,1,0
yeahand,1,0
steve,1,0
burgundy,1,0
å£msg,0,2
audrie,1,0
keris,1,0
gr,12,7
gooddhanush,1,0
psychiatrist,1,0
minor,2,0
nonetheless,1,0
ccna,1,0
conditionand,1,0
craziest,2,0
questioned,3,0
casting,1,0
doingwhat,1,0
newspaper,1,0
txt,13,151
control,2,0
people,48,3
yellow,2,0
nimbomsons,1,0
relaxing,1,0
bro,3,0
stranger,2,0
mids,2,0
cooperative,1,0
jordan,1,2
voucher,1,36
comp,1,10
dreading,1,0
job,45,0
sib,2,0
roger,4,0
usb,2,0
ondu,1,0
tactless,1,0
tvhe,1,0
albumquite,1,0
three,4,0
korli,1,0
minstxtmth,0,1
gbp,0,5
grin,12,0
itmay,1,0
bottle,3,0
donewant,1,0
logo,0,5
vibrate,1,0
placement,2,0
myparents,1,0
sit,7,0
totally,4,1
hellogorgeous,1,0
laundry,2,0
dependable,1,0
wwwtxtshop,0,2
polyh,0,2
coincidence,0,1
fri,13,2
otside,2,0
insha,1,0
onto,0,7
eight,3,0
install,0,1
subscribe,0,1
stchoicecouk,0,1
symbol,1,2
faultfed,1,0
x,40,12
wwwldew,0,2
loko,1,0
maaaan,1,0
future,4,4
calloptoutndx,0,2
njan,1,0
transfered,3,0
kinda,8,1
melike,1,0
valentine,15,3
fren,4,0
nino,1,0
prabha,2,0
champlaxigating,1,0
sxy,0,1
thankyou,1,0
swann,1,0
wrote,1,1
delivery,1,21
unknown,2,0
shoul,1,0
trek,1,0
career,3,1
ltdå£mtmsgrcvd,0,1
madam,2,0
brolly,1,0
asthere,1,0
ufind,0,8
lubly,1,0
betta,1,0
selling,4,1
forever,9,0
wondar,1,0
tonesreply,0,1
txting,1,10
or,1,0
oursso,1,0
awaiting,0,8
eggspert,1,0
suply,1,0
kkapo,1,0
boo,6,0
iter,1,0
horniest,0,1
madamregret,1,0
sleepin,2,0
big,35,2
declare,1,0
fuelled,1,0
comfey,1,0
rum,2,0
enc,1,0
faultal,1,0
rolled,1,0
impressed,1,0
study,10,0
breaking,1,0
outhave,1,0
private,1,18
msg,61,33
restuwud,1,0
gram,4,0
mono,0,4
arty,1,0
prepare,4,0
imposter,1,0
red,4,1
shahjahans,1,0
cardin,1,0
aburo,2,0
ore,1,0
reminds,1,0
iwasmarinethatåõs,1,0
already,89,1
printer,1,0
general,1,0
timing,6,0
continent,1,0
approach,1,0
else,23,1
canada,2,0
å£,4,270
pain,24,0
jeri,0,1
drmstake,1,0
yun,5,0
yahoo,6,2
toclaim,0,6
gardener,3,0
showroomscity,1,0
access,2,7
able,26,0
cross,1,3
telephonic,1,0
villa,0,1
oblivious,1,0
teach,10,0
flurry,1,0
lovable,11,0
representative,0,10
rechargerakhesh,1,0
predicting,1,0
rowwjhl,0,8
helping,1,0
blank,4,0
leh,29,0
location,2,5
evei,1,0
steal,1,0
ful,3,0
jsut,2,0
surf,1,0
remember,31,0
offcampus,1,0
raglan,1,0
meneed,1,0
october,1,0
unless,9,0
listn,1,0
studyn,1,0
using,7,2
kitty,1,0
hari,1,0
drugdealer,1,0
someonethat,1,0
sonathaya,1,0
mahaveer,1,0
insurance,7,0
ow,1,0
vikky,6,0
owns,2,0
pack,3,2
collected,1,2
stupid,10,0
cook,4,0
difficult,12,0
wwwldewwinppmxagesubscription,0,1
ignorant,1,0
driving,20,2
mobilesdirect,0,3
goodno,1,0
di,3,0
pocay,1,0
wld,2,0
attempt,2,22
mokka,2,0
concerned,1,0
two,31,1
greet,3,0
fell,3,0
arent,7,0
panicks,1,0
worklove,1,0
kaaj,1,0
smear,1,0
season,4,1
lover,9,2
itû÷s,3,0
maruti,1,0
katexxx,1,0
image,2,0
scotch,2,0
thatdont,1,0
youthats,1,0
quoting,0,5
name,35,19
sara,0,1
due,4,2
umma,7,0
medont,1,0
ì©,3,0
ree,0,1
turn,9,1
reserve,2,0
sashimi,1,0
tomorw,1,0
wanted,26,0
namemy,1,0
notxtcouk,0,2
yifeng,1,0
youre,51,2
enjoyed,2,2
multimedia,1,0
boutxx,1,0
friday,15,0
heavily,1,0
haunt,1,0
nurse,1,0
nearer,1,0
dealing,2,0
afterwards,1,0
wcn,0,1
emailed,1,0
humanity,1,0
sacrifice,2,0
drop,17,2
coolmob,0,1
surly,1,0
spoken,4,0
theme,1,0
night,110,8
toll,3,0
racal,0,1
dozen,0,1
thank,27,1
fiendmake,1,0
stylish,5,0
juswoke,1,0
painit,1,0
shola,1,0
tech,2,0
embarassed,4,0
developed,1,0
wrk,2,0
iff,1,0
arcade,0,6
sometme,1,0
necklace,2,0
cyclist,1,0
minuts,5,0
affectionate,2,0
kr,2,0
mission,1,0
bell,3,0
yoville,1,0
beth,1,0
bcz,1,0
joy,13,0
kkadvance,1,0
possibly,1,0
redred,2,0
siva,1,0
wrong,14,0
reaction,2,0
kudiyarasu,2,0
mufti,1,0
ringtone,0,26
digit,0,1
shitload,2,0
ko,1,0
suffering,1,0
lanre,1,0
massage,1,0
repeat,1,1
wa,3,2
better,41,1
finger,8,0
halfth,2,0
helloyou,0,1
chinchilla,1,0
babe,74,10
research,4,0
talkbut,1,0
ctla,1,0
cuddled,1,0
popcornjust,0,1
inform,4,0
stalk,1,0
btw,4,0
clear,3,0
padhegm,1,0
earning,1,0
unmits,1,0
sochte,1,0
nigeria,8,0
trade,2,0
bc,2,0
mind,39,2
rr,1,0
park,11,1
green,4,0
reflex,1,0
countinlots,1,0
mtalk,0,2
ez,0,1
doesnåõt,1,0
porridge,1,0
theacusations,1,0
away,21,4
compromised,1,0
pub,16,2
goodmorningmy,1,0
shit,35,1
dt,2,0
mylife,1,0
pocketbabecouk,0,3
wrenching,1,0
worldvery,2,0
adsense,1,0
inpersonation,1,0
sendername,2,0
whenever,11,0
macho,3,0
practicum,1,0
inside,7,0
fresh,1,0
immed,1,0
care,64,5
showered,1,0
jamster,0,2
assume,4,0
nt,14,1
med,7,3
obese,1,0
commercial,2,0
ittb,1,0
secretary,2,0
hgsuitelandsrowwjhl,0,3
theth,1,0
payasam,1,0
waitin,4,0
sex,2,11
wisheds,1,0
upyeh,1,0
convincing,1,0
leg,4,0
skxh,0,7
current,3,2
ujhhhhhhh,1,0
kthen,2,0
custom,2,0
cartoon,5,0
placeno,1,0
ic,3,0
pendingi,1,0
appointment,5,0
perf,1,0
dropped,5,0
refund,1,0
presnts,1,0
im,451,13
father,12,0
ishtamayoohappy,1,0
kall,1,0
msgwe,0,1
recieve,0,1
fgkslpopw,0,1
skinny,1,0
getsleep,1,0
paranoid,1,0
wahay,1,0
pinku,1,0
barry,0,1
wktxt,0,1
considering,4,0
men,7,3
sd,1,0
thurs,3,2
kindly,2,0
langport,2,0
dane,1,0
uploaded,1,0
blackberry,4,0
beforewent,1,0
lambda,1,0
hahahause,3,0
asking,11,0
stand,8,0
rightio,1,0
opportunity,3,0
curry,2,0
decent,1,0
out,1,0
lookin,5,1
deciding,2,0
jersey,0,1
ie,2,0
pookie,1,0
stress,3,0
danalla,1,0
utxt,0,1
goldviking,0,1
activate,1,5
orchard,11,0
meal,4,1
incomm,1,0
room,38,1
lp,0,2
txtjourney,1,0
sending,10,2
erupt,1,0
cred,0,1
knowthis,1,0
hahatake,1,0
elaya,1,0
j,7,1
manageable,1,0
axis,1,0
whr,1,0
usget,1,0
lionp,0,2
fixed,6,2
fullonsms,6,0
bestcongrats,1,0
zindgi,1,0
praying,2,0
textoperator,0,3
snogs,2,0
facebook,8,0
titleso,1,0
apply,2,30
received,2,2
understand,10,0
envelope,4,2
yday,1,0
anyone,16,1
going,167,4
thanksgiving,3,0
gary,3,0
carly,1,0
closeby,1,0
chic,1,0
ppmpoboxbhambxe,0,1
breakin,1,0
afew,1,0
faber,1,0
avoid,2,0
horrible,5,0
rreveal,0,8
wwwuknet,0,5
processnetworking,1,0
beware,2,1
netno,1,0
cstore,1,0
icicibank,2,0
enters,1,0
award,1,28
first,56,6
window,4,0
dhina,2,0
physic,1,0
resume,2,0
rajini,1,0
used,14,1
teresa,1,0
human,1,0
hopeing,1,0
unit,1,0
fraction,0,1
onlydon,1,0
triumphed,1,0
wks,3,3
realising,1,0
isnt,17,0
cutting,2,0
late,55,1
enjoying,1,0
dysentry,1,0
toking,1,0
marking,1,0
goalsteam,0,1
cream,4,0
deus,2,0
sucker,2,0
behalf,1,0
taught,1,0
wknd,1,0
air,7,0
nalla,1,0
gt,8,0
ache,4,0
disclose,2,0
returning,1,0
thatåõs,4,0
dogbreath,1,0
telling,14,0
remains,3,0
datingi,0,1
wishin,2,0
crashed,1,0
aging,1,0
woozles,1,0
buddy,1,1
bonus,0,21
playi,1,0
rcv,0,4
keep,64,6
blue,12,0
eerie,0,5
post,15,5
contact,14,56
morro,1,1
dontgettext,1,0
vat,0,1
agency,1,0
wewa,1,0
impression,1,0
kkyesterday,1,0
galileo,2,0
samus,1,0
styling,1,0
personal,4,2
wylie,4,0
newsby,1,0
including,3,0
sem,2,0
wtjy,0,1
bhayandar,1,0
msgsometext,1,0
mustprovide,0,1
hasbroin,1,0
position,3,0
indeed,2,0
settling,1,0
worrying,1,0
noooooooo,1,0
idp,1,0
eshxxxxxxxxxxx,1,0
neighbour,3,0
newport,1,0
dearregret,1,0
ninish,1,0
matra,1,0
hug,6,0
xins,1,0
cause,19,0
clearing,2,0
stoptx,0,1
soany,1,0
subscription,0,5
letter,8,0
visitor,1,0
hitechnical,1,0
braved,1,0
bet,4,0
lucy,0,2
resubbing,1,0
oceand,1,0
mumtazs,2,0
natwest,1,0
thesedays,1,0
gorgeous,4,0
stoptxtstopå£week,0,1
farting,1,0
tonight,57,4
reschedule,0,2
imf,1,0
unconscious,1,0
poboxwwq,0,5
concert,2,1
plaid,1,0
saibaba,1,0
request,9,2
somewheresomeone,1,0
user,1,8
gaze,1,0
murderer,7,0
po,3,30
walk,19,1
button,1,0
jaykwon,1,0
oooh,2,0
kingdom,0,1
nice,57,0
lib,2,0
dointerested,0,1
freek,1,0
onionrs,1,0
feature,0,1
bulb,0,2
milk,3,0
tired,12,0
bluetooth,0,9
failed,2,1
rencontre,1,0
depression,1,0
perhaps,2,0
heal,1,0
åè,1,0
growing,0,2
relax,6,0
opted,1,0
conacted,0,1
fancy,5,12
fireplace,1,0
youve,10,4
abroad,0,1
someday,1,0
faggy,2,0
hack,0,1
eve,14,5
fill,8,0
laying,1,0
magic,1,0
pansy,1,0
taxt,1,0
uve,1,6
visitneed,1,0
bat,3,0
friendshipmotherfatherteacherschildrens,1,0
tirunelvali,2,0
pg,3,1
achieve,1,0
boyf,1,0
spook,0,5
clash,1,0
promised,0,1
respectful,1,0
murali,1,0
doom,1,0
carry,3,0
blogging,1,0
also,68,3
wats,13,0
callså£minmobsmorelkpoboxhpfl,0,2
california,3,0
apologize,1,0
yeovil,1,0
tiz,1,0
pout,3,0
sunday,8,0
score,4,1
enamous,1,0
adore,3,0
alibi,1,0
carryin,1,0
fancied,1,0
rhode,1,0
versus,1,0
agocusoon,1,0
approx,1,1
adp,0,1
hardest,1,0
owe,1,0
vai,1,0
jurong,1,0
madodu,1,0
stopstop,0,1
abi,4,0
valuing,1,0
nag,2,0
headache,3,0
nauseous,1,0
handsomes,1,0
bslvyl,13,0
chile,1,0
haughaighgtujhyguj,1,0
movie,26,2
bornplease,1,0
second,21,0
ny,1,0
director,2,0
breaker,0,1
thedailydraw,0,1
dealer,2,0
efreefone,0,1
protect,2,0
unsecured,0,1
accent,1,0
hotmix,0,1
seh,1,0
fakeyes,1,0
ahnow,1,0
studdying,1,0
wherevr,1,0
prey,3,0
pink,1,1
gthr,2,0
rip,1,0
unable,3,2
screaming,6,0
basic,4,0
chicken,3,0
fredericksburg,1,0
save,8,3
moby,0,4
proze,0,1
beer,5,0
nite,27,4
speaking,2,0
return,11,0
psychologist,1,0
pretsorginta,1,0
spot,1,0
grateful,1,0
independently,1,0
txtx,0,1
ultimately,1,0
jst,3,1
formclark,2,0
warm,8,2
